Date,User,Tweet
2022-08-31 19:46:14+00:00,sayinseyirciii,@EconomistAdam #ULKER  #elit #isdmr #Qnbfb #vesbe
2022-08-29 18:05:35+00:00,Icarus_Soulfly,#QNBFB ğŸ¯âœ…âœï¸#Ytd https://t.co/Vj06jwHlQF
2022-08-29 15:49:21+00:00,algoritmikborsa,"ALGORÄ°TMÄ°K BORSA kazandÄ±rmaya devam ediyor.

.
#PSDTC #PSGYO #QNBFB #QNBFL #QUAGR #RALYH #RAYSG #RHEAG #RNPOL #RODRG #ROYAL #RTALB #RUBNS #RYGYO #RYSAS #SAFKR #SAHOL #SAMAT #SANEL

https://t.co/XKczzKZgFm"
2022-08-29 15:09:06+00:00,ismailimamogluu,"glbmd
alarm Ã¶ttÃ¼ sabahtan.. yazmadÄ±m..
Takip edilebilir.. -
detaylarÄ±nÄ± ÅŸimdi yazamam , bende AL olanlar
conse-egegb- Ä±sbtr-grsel-Qnbfb- selva-sonme- algyo-ateks-glbmd-smarg-turex-yylgd-
ELÄ°NDE OLANLAR Ä°Ã‡Ä°N.
ALMAK Ä°Ã‡Ä°N DETAY LAZIM Ã‡ÃœNKÃœ"
2022-08-29 12:01:37+00:00,hissesinyalapp,#QNBFB â€“ QNB Finansâ€™Ä±n sermayesinin 100 milyon TL artÄ±ÅŸla 300 milyon TLâ€™ye Ã§Ä±karÄ±lmasÄ±na ver bankaya karÅŸÄ±lÄ±k gelen tutarla artÄ±rÄ±ma katÄ±lÄ±nmasÄ±na karar verildiÄŸi aÃ§Ä±klandÄ±.
2022-08-29 11:06:14+00:00,borsatrendiniz,#kozaa #krpls #kords #osmen #oyakc #qnbfb #quagr #pamel #kontr #sekfk #tektu #tcell #tspor #uluun #vakbn #vbtyz https://t.co/BogC2Pkmjc
2022-08-29 06:21:10+00:00,tayfunaslan2525,"#Qnbfb  â€“ QNB Finansâ€™Ä±n sermayesinin 100 milyon TL artÄ±ÅŸla 300 milyon TLâ€™ye Ã§Ä±karÄ±lmasÄ±na ver bankaya karÅŸÄ±lÄ±k gelen tutarla artÄ±rÄ±ma katÄ±lÄ±nmasÄ±na karar verildiÄŸi aÃ§Ä±klandÄ±.
#quagr  â€“ Sosyal medyada gÃ¶rseli paylaÅŸÄ±lan QUA Hotel ile ÅŸirketin bir baÄŸÄ± olmadÄ±ÄŸÄ± aÃ§Ä±klandÄ±."
2022-08-29 06:06:50+00:00,hibyahaberajans,"Åirket haberleri
https://t.co/LPH5oLpkpL
#AEFES 
#AKSGY 
#ASELS 
#BLCYT 
#BIOEN 
#BTCIM 
#CCOLA 
#EKGYO
#ESEN 
#FADE 
#GSRAY 
#GRSEL
#GUBRF 
#HKTM 
#ISFIN 
#ISCTR 
#ISGYO 
#KFEIN 
#KOZAA 
#KRPLS 
#KORDS 
#OSMEN 
#OYAKC 
#QNBFB 
#QUAGR 
#PAMEL 
#KONTR 
#SEKFK 
#TEKTU 
#TCELL"
2022-08-29 05:39:17+00:00,haberborsa,#QNBFB â€“ QNB Finansâ€™Ä±n sermayesinin 100 milyon TL artÄ±ÅŸla 300 milyon TLâ€™ye Ã§Ä±karÄ±lmasÄ±na ver bankaya karÅŸÄ±lÄ±k gelen tutarla artÄ±rÄ±ma katÄ±lÄ±nmasÄ±na karar verildiÄŸi aÃ§Ä±klandÄ±
2022-08-29 05:25:41+00:00,Atabey01010202,@ankara_kusu Lot sayÄ±sÄ± az kÄ±ymetli hisse kÃ¼Ã§Ã¼k yatÄ±rÄ±mcÄ±nÄ±n elinden nasÄ±l alÄ±rÄ±z poip ( gÃ¶zaltÄ± pazarÄ± ) diye birÅŸey uydurdular yatÄ±rÄ±mcÄ±yÄ± bezdirdiler #klnma #qnbfb
2022-08-29 05:09:48+00:00,SelinDY_Borsa,"#ODAS 
#ANELE 
#KATMR 
#HALKB 
#KERVT 
#QNBFB 
#CEMAS 
BakalÄ±m bugÃ¼n roket atabilecek miyim ğŸ™ƒğŸš€"
2022-08-29 00:08:44+00:00,ismailimamogluu,"GEÃ‡EN HEFTA PAATESÄ° -CUMA 5 GÃœN EN Ã‡OK ARTANLAR
HKTM...% 60.93
ISATR...% 46.11
DOGUB.% 42.57
FLAP....% 37.58
HEDEF..%.32.10
UTPYA..% 30.95
VAKBN..% 29.82
TLÄ°MAN.% 28.50
ALBRK..% 28.21
ANELE...% 27.98
KLNMA..% 27.53
BRMEN..% 27.36
ADESE...% 25.28
HALKB...%25.08
SNPAM-QNBFB-YKBNK"
2022-08-28 19:16:10+00:00,leventakcali,#Qnbfb https://t.co/9tNrCjdsll
2022-08-28 18:29:04+00:00,ErsinJunior,"#GarantiBBVA
#YapÄ±Kredi
#Akbank 
#hsbc 
#Qnbfb 
Polise 3 yÄ±llÄ±k promosyon Ã¼creti ne kadar verirsiniz?

#EGMninpromosyonu https://t.co/91K3QYI53H"
2022-08-28 17:53:59+00:00,hibyahaberajans,"QNB Finansbank'tan sermaye artÄ±ÅŸÄ±na iÅŸtirak
https://t.co/a24e19UM4F
#BIST100Sirketler #bist100 #bist #BORSA 
#Pazar #FIN #QNBFB"
2022-08-28 17:53:30+00:00,hibyanewsagency,"QNB Finansbank'tan sermaye artÄ±ÅŸÄ±na iÅŸtirak
https://t.co/AGJjSbXpsh
#BIST100Sirketler #bist100 #bist #BORSA 
#Pazar #FIN #QNBFB"
2022-08-28 17:38:48+00:00,Borsamoney5_,"ğŸŸ¢ AYDA EN AZ %30 KAR GARANTÄ°SÄ° 

ğŸ”µ DETAYLI BÄ°LGÄ° Ä°Ã‡Ä°N MESAJ ATINIZ!!!

ğŸŸ¡ Ä°LETÄ°ÅÄ°M  HESABI â¡ï¸ @B0RSAM0NEY 

 #hubvc #hurgz #iheva #isyat #iztar #kront 

#jants #vbtyz #ntgaz #qnbfb #dgnmo #obase

 #kutpo  #selec #alka #pkart #hedef  #basgz #alcar"
2022-08-28 17:19:23+00:00,a_sinan_guler,@qnbfbdinliyor @anonimdagkecisi Genellikle Akbank ve Ziraat BankasÄ± pos'larÄ± Ã§ok sÄ±kÄ±ntÄ±lÄ±. BugÃ¼n CarrefourSa Nautilus'da bÃ¼tÃ¼n QnbFb mÃ¼ÅŸterileri sikintiliydi ki CarrefourSa'nin bÃ¼tÃ¼n postlarÄ± doÄŸal olarak Akbank.
2022-08-28 16:23:57+00:00,bypacoz,#QNBFB #Qnbfb HaftalÄ±k grafik. ÃœÃ§ hafta Ã¶nce al vermiÅŸ. https://t.co/95Vzp3zVpb
2022-08-28 11:53:36+00:00,ErsinJunior,"#GarantiBBVA
#YapÄ±Kredi
#Akbank 
#hsbc 
#Qnbfb 
Polise 3 yÄ±llÄ±k promosyon Ã¼creti ne kadar verirsiniz?
#VAKIFEGMpromosyonuYENÄ°LE https://t.co/C2JfY2JGUx"
2022-08-28 11:42:23+00:00,ErsinJunior,"#GarantiBBVA
#YapÄ±Kredi
#Akbank 
#hsbc 
#Qnbfb 
Polise 3 yÄ±llÄ±k promosyon Ã¼creti ne kadar verirsiniz?

#VAKIFEGMpromosyonuYenile"
2022-08-28 11:16:26+00:00,anka_analiz,"#tarama 

Donchian uzun vade prensibine gÃ¶re #bist hisselerinin taramasÄ± 

Not: Tarama test edilmedi. Deney amaÃ§lÄ±dÄ±r.

#qnbfb #isbtr #qnbfl https://t.co/obwbCqoB1r"
2022-08-28 00:58:33+00:00,sabankibar54,"#GarantiBBVA
#YapÄ±Kredi
#Akbank 
#hsbc 
#Qnbfb 
Polise 3 yÄ±llÄ±k promosyon Ã¼creti ne kadar verirsiniz?"
2022-08-27 11:57:52+00:00,anka_analiz,"#tarama 

Adx in 20 yi yukarÄ± kestiÄŸi #bist hisselerinin taramasÄ±  

#qnbfb #basgz #esen #naten #ihlas https://t.co/TL3WfHqm5D https://t.co/NiOK9NqQvX"
2022-08-27 11:26:21+00:00,borsa_ben,"GeÃ§en hafta en Ã§ok yÃ¼kselen hisseler.
#hktm #dogup #flap #hedef #utpya #vakbn #tlman #albrk #anele #klnma #brmen #adese #halkb #snpam #qnbfb #ykbnk #beyaz #ntgaz #etyat #garan #bfren #edip #Ä±sgsy #mÄ±atk #ulufa #qnbfl #seykm #vakfn #Ä±sfÄ±n #ulas #przma #xbank #mepet #prkme #atagy https://t.co/gn3ntfOzhY"
2022-08-27 09:40:28+00:00,anka_analiz,"#tarama 

Ichimoku gÃ¶stergeleri olumlu olan #bist hisselerinin taramasÄ± 

#qnbfb #ntgaz #dyoby #ralyh #tlman #balat https://t.co/1Eut9XDhGn"
2022-08-27 08:00:25+00:00,borsamansetcom,"Borsa Ä°stanbul'un en Ã§ok kar yapan ÅŸirketleri 

5 milyardan daha fazla kar yapan BÄ°ST ÅŸirketleri belli oldu 

Bu ÅŸirketler Ã§ok kar yapÄ±yor

https://t.co/tdcixF0em1
#garan #akbnk #Ä±sctr #SISE #QNBFB"
2022-08-26 21:09:05+00:00,mkfaed,"#QNBFB:Ä°ÅŸtiraklerimizden QNB Finans YatÄ±rÄ±m Menkul DeÄŸerlerin 200.000.000â‚º olan sermayesinin 100mlnâ‚º artÄ±rÄ±larak 300mlnâ‚º'ye yÃ¼kseltilip iÅŸtirak edilmesine,artÄ±rÄ±lan tutarÄ±n kÄ±smÄ±nÄ±n sermaye avansÄ± da dahil olmak Ã¼zere nakden ve defaten Ã¶denmesine karar verilmiÅŸtir. (OLUMLU)"
2022-08-26 17:23:49+00:00,hibyanewsagency,"BorÃ§lanma araÃ§larÄ±, yatÄ±rÄ±m fonlarÄ± ve varant itfa/kupon/getiri/ nakdi uzlaÅŸÄ± Ã¶deme iÅŸlemleri
https://t.co/vT6vRwO4OZ
#BIST100Sirketler #bist100 #bist #BORSA 
#Cuma #AKFK #AKMEN #DENFA #GEDIK #KOCFN #KORTS #EKTVK #ORFIN #PBTR #QNBFB #SEKFK #TEBCE #YKFKT #ZOREN #KTKVK"
2022-08-26 16:17:18+00:00,mhmtrtk,@yaman_ihsan Qnbfb olmaz sonu umarÄ±m
2022-08-26 15:58:08+00:00,Kreysus,#qnbfb qnb menkul sermaye artÄ±ÅŸÄ±. #aksgy #ayes #fade #msgyo #orma #papil #sasa #skbnk #ybtas borsada iÅŸlem gÃ¶ren tipe dÃ¶nÃ¼ÅŸÃ¼m duyurusu.
2022-08-26 15:28:25+00:00,ismailimamogluu,"BENDE GÃœÃ‡LÃœ AL VERENLER 
EGGUB- ISBTR - QNBFB -PETKM -NÄ°BAS- MARKA -GRSEL -ERCB - DGATE -( BRMEN ben almam)"
2022-08-26 07:35:15+00:00,mukim2507,@Arzu6235 Qnbfb bakabilirmisiniz
2022-08-25 23:49:04+00:00,ErkutUzulmez,@AzadJindar Adres belli#kontr#klknm#qnbfb#ulufa
2022-08-25 23:41:46+00:00,ErkutUzulmez,@Sacro_Trade #KONTR #KLNMA #QNBFB#Ulufa yaz sende bunlarÄ± bi kenara
2022-08-25 22:10:28+00:00,kimlergeldi1234,@okocha05036469 Qnbfb Ã¶nÃ¼ndeki direnÃ§ 57.90 ilk hedef sonraki 67.30 ÅŸu anki kapanÄ±ÅŸla 45.82 direnci kÄ±rÄ±ldÄ± yarÄ±nki kapanÄ±ÅŸ bu seviye Ã¼zerinde olmak zorunda
2022-08-25 21:40:49+00:00,ismailimamogluu,"indikatÃ¶r 1 AL VERENLER 
BRMEN 
DGATE
EMKEL
ERCB
HDFGS
ISBTR
MAALT
MARKA 
QNBFB
SONME
 TCEL 
ULUFA 
Bunlardan bazÄ±larÄ± bir haftadÄ±r Ã§Ä±kÄ±yor ve tavanlarÄ± var.
BunlarÄ± not edip, ne kadarÄ± nereye gidiyor bakmak faydalÄ±.
detay bakmadÄ±m hisselere
Bilgi iÃ§in yani"
2022-08-25 21:11:34+00:00,Tarik34346,Cuma taramalar #eggub #kontr #intem #ayes #tspor #qnbfb #kmpur #genil #brlsm #bmstl #bÄ±oen #avtur #beyaz #idgyo #agyo #utopya #brsan #Qnbfl
2022-08-25 20:11:30+00:00,froggielover23,"En Fazla Para GiriÅŸi ve Ã‡Ä±kÄ±ÅŸÄ± Olan Hisseler
https://t.co/MyqyX8icVW
#psdtc #psgyo #qnbfl #qnbfb #QUAGR #RALYH #raysg"
2022-08-25 17:33:39+00:00,borsa_ben,"#xbank #banka 2022 prim oranlarÄ±..Malum endeksi bankalar taÅŸÄ±yor.
#skbnk % 285 #tskb % 225 #Ä±sctr % 151  #ykbnk % 98 #albrk % 85 #vakbn %49  #halkb % 43  #Ä±cbct  % 26 #klnma % 20 #qnbfb %18 https://t.co/77qrtCKEho"
2022-08-25 15:54:40+00:00,anka_analiz,"#tarama 

Ichimoku gÃ¶stergeleri olumlu olan #bist hisselerinin taramasÄ± 

#qnbfb #mtrks #beyaz https://t.co/8Qxi8kRNlw"
2022-08-25 14:52:14+00:00,kimlergeldi1234,Sepetdeki bu gÃ¼nkÃ¼ tavanalar #KLNMA #TLMAN #ULUFA #DGNMO #BERMEN #QNBFB #YESÄ°L %7 yazmak istemiyorum ama #ihgzt %5 #ihlas %5 sekur %7 bereket versin ihlaslarÄ± yorumlayacam diye sÃ¶ylemiÅŸtim grubunda cok bilmiÅŸler vardÄ±.merak ederlerse kar alÄ±ÅŸlarÄ±mÄ± alta ekleyim hemen ğŸ˜ƒğŸ˜
2022-08-25 13:33:11+00:00,Bzokbozo,"#QNBFB 38,000 iken biraz araÅŸtÄ±rdÄ±m dolarÄ±n yÃ¼ksek olmasÄ± halinde borsada ki gel gidi sabit kalmÄ±ÅŸ. ÅaÅŸÄ±rttÄ± beni az bir miktar ekleme yaptÄ±m o gÃ¼n #QNBFB bugÃ¼n ise 46,440 dan iÅŸlem gÃ¶rÃ¼yor. Eminim ki yarÄ±n ki aÃ§Ä±lÄ±ÅŸta 50 bandÄ±nda iÅŸlem gÃ¶recektir. #bist"
2022-08-25 12:21:52+00:00,SelinDY_Borsa,"Ä°lgilenmediÄŸim hiÃ§ bi hisseyi roketlemem...
Hesapla ilgisi olmalÄ± ki roketi haketsin 
ğŸš€ğŸš€ğŸš€
#QNBFB https://t.co/WTxycdiwb0"
2022-08-25 12:17:07+00:00,SelinDY_Borsa,#QNBFBğŸš€ğŸš€ğŸš€ğŸš€ğŸš€ haketti sanÄ±rÄ±m ğŸ¤—ğŸ¤—ğŸ¤—
2022-08-25 12:16:00+00:00,Hngyee,"YabancÄ±larÄ±n En Ã‡ok AldÄ±ÄŸÄ± ve SattÄ±ÄŸÄ± Hisseler
https://t.co/G2vORchoTn
#avgyo #Qnbfb #qnbfl #ulker #edip #isfin #gedik #Gwind ,"
2022-08-25 09:59:15+00:00,ytderler,#QNBFB tavanğŸ§¿ https://t.co/bV4ZBxTKf4
2022-08-25 09:58:45+00:00,CZ_Signalium,"ArkadaÅŸlar 

#ybtas
#cosmo
#qnbfb
#utpya

Bunlar tesadÃ¼f mÃ¼ :)

BeÄŸendiklerimiz gidiyor hamdolsun .."
2022-08-25 07:16:00+00:00,Hngyee,"YabancÄ±larÄ±n En Ã‡ok AldÄ±ÄŸÄ± ve SattÄ±ÄŸÄ± Hisseler
https://t.co/G2vORchoTn
#avgyo #Qnbfb #qnbfl #ulker #edip #isfin #gedik #Gwind ."
2022-08-25 05:29:01+00:00,anka_analiz,"#tarama 

DMI indikatÃ¶rÃ¼ al vermiÅŸ olan #bist hisselerinin taramasÄ± 

#qnbfb #kent #smrtg #kervt #fonet #brmen https://t.co/MKO5ELWUuz"
2022-08-25 05:05:47+00:00,anka_analiz,"#tarama 

Ichimoku gÃ¶stergeleri olumlu olan #bist hisselerinin taramasÄ± 

#qnbfb #egeen #mtrks #beyaz #flap https://t.co/f09c7VAMwK"
2022-08-24 20:04:39+00:00,mehmet07kunduz,"#matriks https://t.co/hxZjaE4gqj 1111 ALBRK
ANELE ANHYT AVTUR BEYAZ EDATA FLAP GWIND
IDGYO ISFIN ISGSY KLNMA MAALT MTRKS QNBFB
QNBFL SNPAM ULKER UTPYA"
2022-08-24 19:16:31+00:00,Hngyee,"YabancÄ±larÄ±n En Ã‡ok AldÄ±ÄŸÄ± ve SattÄ±ÄŸÄ± Hisseler
https://t.co/G2vORchoTn
#avgyo #Qnbfb #qnbfl #ulker #edip #isfin #gedik #Gwind"
2022-08-24 18:29:35+00:00,deniz38390849,#brmen #fonet #kent #kervt #Qnbfb #smrtg #umpas https://t.co/btVH7zjUue
2022-08-24 17:38:08+00:00,TraderCaptain2,"Tarama Listesiâ€¦trdrcptnâ€¦
#adel #atlas #avtur #beyaz #brmen #dogub #edip #etyat #idgyo #isbtr #isgsy #iskpl #kent #katur #maalt #mepet #metro #metur #mmcas #qnbfb #ulker #utpya #uzerb #vangd #zgoldf

#borsa #hisse #tarama #bist https://t.co/u7acBRdabC"
2022-08-24 15:44:50+00:00,hamolka34,@CZ_Signalium #qnbfb 1000 lira olacak potansiyelde fakat ky dayanÄ±ÅŸmasÄ± lazÄ±m.
2022-08-24 11:28:30+00:00,CZ_Signalium,"ArkadaÅŸlar tarama listesi attÄ±k.

UmarÄ±m faydalanan oluyordur, yoksa burada paylaÅŸmamÄ±n hiÃ§bir anlamÄ± yok..

#ADEL
#ADESE
#AKYHO
#ANHYT
#ATLAS
#BSOKE
#ERBOS
#ISGSY
#MERKO
#TLMAN
#UTPYA
#ULAS
#PRZMA
#QNBFB"
2022-08-24 10:52:26+00:00,ytderler,"#QNBFB primsiz kalan banka hissesi kesinlikle portfÃ¶yde bulunmasÄ±nda fayda var.. YTD..

hedefim en az 3x. https://t.co/SXtLYhCXBE"
2022-08-24 06:58:20+00:00,SelinDY_Borsa,#QNBFB alÄ±mÄ± ayrÄ± dert satÄ±mÄ± bambaÅŸka bi dert .. Belaya atlar giderim diyenlerin bankasÄ± ğŸš€ğŸ™ˆ
2022-08-23 22:10:18+00:00,mehmet07kunduz,"#matriks https://t.co/HwwBsltWLx yagÄ±zbey BEYAZ DEVA
EDIP IDGYO KONYA YKSLN DGGYO QNBFB TUCLK
ORMA"
2022-08-23 21:10:15+00:00,ChemMsb,"#qnbfb dÃ¼ÅŸen kÄ±rÄ±lÄ±mÄ±na adÄ±m adÄ±m yaklaÅŸÄ±yor, takip ettiÄŸim indikatÃ¶rler pozitif, Ytd.
https://t.co/56Upzn8zB7"
2022-08-23 20:40:20+00:00,MikroTrader_,"KartalizmğŸ‘‡

#eukyo #qnbfb #deva

Taramalar kesinlikle yatÄ±rÄ±m ve al sat tut tavsiyesi deÄŸildir

#BIST30 #bist100 #XU100 #XU030  #tarama #BorsaIstanbul #hissesenedi #hisse #bist https://t.co/EZ3tHHFynd"
2022-08-23 20:40:09+00:00,TraderCaptain2,"Tarama Listesiâ€¦trdrcptnâ€¦
#adese #beyaz #bfren #emkel #eplas #ersu #eukyo #gwind #halkb #hubvc #isgsy #mmcas #nugyo #qnbfb #qnbfl #tmsn #ttkom #ulker #utpya #yonga

#borsa #hisse #tarama #bist https://t.co/poqY26v9CU"
2022-08-23 19:23:49+00:00,froggielover23,"En Fazla Para GiriÅŸi ve Ã‡Ä±kÄ±ÅŸÄ± Olan Hisseler
https://t.co/2KO1Xk53bx
#prkme #przma #psdtc #Qnbfb #qnbfl #quagr #ralyh"
2022-08-23 19:16:48+00:00,Engerek55048451,@kimlergeldi1234 Qnbfb bakar mÄ±sÄ±n bankalara gÃ¶re geride alÄ±nÄ±r mÄ± reis
2022-08-23 19:01:20+00:00,ChemMsb,@volkntosun Aynen hocam  banka rallisi mÃ¼thiÅŸ tskb den nasipkendik ama erken vedalastikğŸ˜‚ ÅŸu qnbfb yÄ± izliyorum bakalÄ±m.
2022-08-23 18:40:01+00:00,hamolka34,@borsabankplus Bi tek qnbfb gitmedi bankalardan bu ne iÅŸtir
2022-08-23 17:41:23+00:00,sahmat1923,"#akbnk #isctr #garan #halkb #ykbnk #skbnk #albrk #tskb #vkbnk #icbct #qnbfb
BankalarÄ±n bu rallisine nasÄ±l bakÄ±yorsunuz?"
2022-08-23 16:26:24+00:00,M_ilker06,#Qnbfb  canini almiÅŸlar. Hacim yok. Usd https://t.co/5ksRjpztRQ
2022-08-23 15:03:49+00:00,hamolka34,"Bu nedir babacÄ±m @qnbfinansbank ? 

Siz sektÃ¶r olarak banka mÄ±sÄ±nÄ±z cidden? 

@qnbfbdinliyor  #Qnbfb https://t.co/qwU1wHUmPT"
2022-08-23 12:42:28+00:00,CZ_Signalium,"#qnbfb

Endeks 30 a dahil olmayan bankalara da sÄ±ra gelir mi arkadaÅŸlar ?

Fikirleri alalÄ±m ."
2022-08-23 09:44:15+00:00,GokturkGunay,@ditijal @e507 Qnbfb etkisi. Onu cikarinca fark azaliyordur diye dÃ¼ÅŸÃ¼nÃ¼yorum
2022-08-23 08:40:25+00:00,hamolka34,"#Qnbfb

https://t.co/3WzFaMR86K"
2022-08-22 22:31:34+00:00,MikroTrader_,"Kartal RMZGKğŸ‘‡

#marka #kutpo #despc #qnbfb #ersu #royal

Taramalar kesinlikle yatÄ±rÄ±m ve al sat tut tavsiyesi deÄŸildir

#BIST30 #bist100 #XU100 #XU030  #tarama #BorsaIstanbul #hissesenedi #hisse #bist https://t.co/ipv2WMEml0"
2022-08-22 22:13:11+00:00,TraderCaptain2,"Tarama Listesiâ€¦trdrcptnâ€¦2
#ihlas #ihlgm #indes #isyat #klgyo #kozaa #mepet #metro #msgyo #mtrks #papil #petun #qnbfb #royal #snpam #tatgd #tkfen #ttkom #ttrak #ulas #vesbe #vestl #yonga #yyapi 

#borsa #hisse #tarama #bist https://t.co/uyyqI9Z8gB"
2022-08-22 19:37:43+00:00,ChemMsb,"#qnbfb diÄŸer bankalara gÃ¶re geride kaldÄ± sanki. CE indikatÃ¶rÃ¼ alda, para akÄ±ÅŸ endeksi yukarÄ± dÃ¶nmÃ¼ÅŸ, tekrar. Ytd
https://t.co/A9SUVKjYPG"
2022-08-22 19:26:01+00:00,fiborasyo,"GÃ¼nlÃ¼k periyotta dÃ¼ÅŸeni kÄ±ranlar taramasÄ±
(YatÄ±rÄ±m tavsiyesi iÃ§ermez, tarama listeleri grafik ile teyit edilmelidir.)
#HEKTS  #yunsa #Qnbfb #utpya #mipaz #AYDEM #cante #KORDS #VESTL https://t.co/vPSYSwruxS"
2022-08-22 18:12:45+00:00,anka_analiz,"#tarama 

Macd ve stok rsi henÃ¼z al vermiÅŸ #bist hisselerinin taramasÄ± 

#qnbfb #kutpo #vertu #ihlgm #maktk #otto https://t.co/mHVjgQEPIQ"
2022-08-22 16:28:38+00:00,Podoficir_Nco,@SelimKMD #marka #dyoby #nugyo #formt #crfsa #Qnbfb #klnma hocam 2yÄ±ldÄ±r bekliyorum gram gitmedi
2022-08-22 13:25:01+00:00,demirhanmikail,"@ParaTeorisi Qnbfb, hala kÃ¼frediyorum."
2022-08-22 12:39:55+00:00,hissesinyalapp,"#QNBFB â€“ 147 gÃ¼n vadeli 670,3 milyon TL tutarÄ±nda bono ihraÃ§ edildi."
2022-08-22 10:41:55+00:00,CZ_Signalium,"#cosmo #ybtas tarzÄ±nda tek fiyat iÅŸlem gÃ¶ren senet soran Ã§ok arkadaÅŸ var.

Åu an bÃ¶yle takip ettiÄŸim taÅŸÄ±dÄ±klarÄ±m dÄ±ÅŸÄ±nda, #utpya ve #qnbfb var.

Bu 2 hisseyi dikkatle takip ediyorum.

Sadece takip yatÄ±rÄ±m tavsiyesi deÄŸildir .!"
2022-08-22 10:40:45+00:00,BorsacYapay,"#QNBFB hissesinin son 15 yÄ±llÄ±k, temettÃ¼ ve bedelsizler dahil toplam getirisi. GrafiÄŸin HD gÃ¶rÃ¼ntÃ¼ linki veya diÄŸer hisselere ulaÅŸmak iÃ§in tÄ±klayÄ±n;
 https://t.co/tAkQxPBnVg https://t.co/zGiixqD2IG"
2022-08-22 06:51:55+00:00,PresenTeam,"#ISFIN â€“ 119 gÃ¼n vadeli 200 milyon TL tutarÄ±nda bono ihraÃ§ edildi.

#IZINV â€“ Ä°kinci Ã§eyrek finansallarÄ±nÄ±n KAPâ€™a aÃ§Ä±klanmasÄ± iÃ§in 19 EylÃ¼lâ€™e kadar istenen ek sÃ¼re SPK tarafÄ±ndan olumlu karÅŸÄ±landÄ±.

#QNBFB â€“ 147 gÃ¼n vadeli 670,3 milyon TL tutarÄ±nda bono ihraÃ§ edildi."
2022-08-22 05:59:03+00:00,hislerimbosluk,@ankara_kusu KuÅŸ #qnbfb hakkÄ±nda ne biliyorsun?
2022-08-21 18:25:00+00:00,hiakkaya,"Tarama Listesi/Goldencross/

#agesa #brlsm #dÄ±rÄ±t #erbos #halkb #Ä±eyho #psdtc #qnbfb #vakfn  

#borsa #binance #bitcoin #dolar #bist100 https://t.co/gxfeqHlr4q"
2022-08-20 22:16:15+00:00,Murobaskanlik,@hislerimbosluk @cancazimserkan @temettuhisse Qnbfb sÄ±kÄ±ntÄ± yok sÄ±kÄ±ntÄ± @borsaistanbul da ÅŸirketi poip atÄ±p iÅŸlem gÃ¶remez hale getirdiler 200 m kar eden ÅŸirkette orada hareket yapmiyorki hacim yerlerde
2022-08-20 18:40:53+00:00,hislerimbosluk,@cancazimserkan @temettuhisse KeÅŸke #qnbfb kottan Ã§Ä±karÄ±lsa
2022-08-20 18:20:47+00:00,hibyanewsagency,"BorÃ§lanma araÃ§larÄ±, yatÄ±rÄ±m fonlarÄ± ve varant itfa/kupon/getiri/ nakdi uzlaÅŸÄ± Ã¶deme iÅŸlemleri
https://t.co/5zkDAAwoXo
#Cumartesi  #INGBN #ISFIN #KORTS #KTKVK #NRBNK #NURVK #OPET #QNBFB  #TEBNK #HALKB"
2022-08-20 18:20:42+00:00,hibyahaberajans,"BorÃ§lanma araÃ§larÄ±, yatÄ±rÄ±m fonlarÄ± ve varant itfa/kupon/getiri/ nakdi uzlaÅŸÄ± Ã¶deme iÅŸlemleri
https://t.co/EFRwipbcKr
#Cumartesi  #INGBN #ISFIN #KORTS #KTKVK #NRBNK #NURVK #OPET #QNBFB  #TEBNK #HALKB"
2022-08-20 17:41:38+00:00,uurBahar9,"SaÄŸÄ±r mÄ± oldunuz! 
Yoksa 3 maymunu mu oynuyorsunuz? DanÄ±ÅŸÄ±klÄ± dÃ¶vÃ¼ÅŸ bu kadar ayan beyan yapÄ±lmaz Ã§ok ayÄ±p ama (!) #vakifbank #ziraatbankasi #Qnbfb #akbank #yapikredi #isbankasÄ± #adaletiÃ§insonÃ§aÄŸrÄ±"
2022-08-20 17:38:34+00:00,uurBahar9,"#Adaletse35BinleBasla 
#Adaletse35BinleBaslasÄ±n #AdaletBakanlÄ±ÄŸÄ± #akbank #ziraatbankasi #isbankasÄ± #garantibankasÄ± #Qnbfb #vakifbank #CTE"
2022-08-20 16:45:47+00:00,uurBahar9,ToplantÄ±nÄ±n daha hakkaniyetli olmasÄ± rekabetÃ§i bir ortam saglanmasini istiyoruz. ToplantÄ±ya katÄ±lanlar 3 kuruÅŸa pabuc birakmayin. #Akbank #yapikredibankasi #teb #isbankasÄ± #ziraatbankasi #vakifbank #garantibankasÄ± #Qnbfb #AdaletBakanlÄ±ÄŸÄ± #20BinSeninOlsunVakÄ±fbank
2022-08-20 15:00:48+00:00,ERSANKURT4,"DÃ¼nyada isim yapmÄ±ÅŸ faaliyet gÃ¶steren #qnbfb yi
Bukadar iyi bilanÃ§o kÃ¢rÄ±na, Ã–zkaynaÄŸÄ±na raÄŸmen pasifize edip bÃ¶yle dÃ¼ÅŸÃ¼k bir hacme mahkum edip yatÄ±rÄ±mcÄ±yÄ± maÄŸdur eden #spk nÄ±n bu hisseyi poip e mahkum etmesidir
@RTErdogan 
@NureddinNebati 
@BloombergHT 
@Ekoturktv 
@barisesen https://t.co/blxf68czXF"
2022-08-20 14:40:23+00:00,ERSANKURT4,"Mesela ben #SPK baÅŸkanÄ± , Ã¼yesi olsam orada oturmaya gÃ¶reve devam etmeye utanÄ±rÄ±m
#qnbfb nin SPK kararÄ± ile halka aÃ§Ä±k lotu %5 in altÄ±nda diye poip e dÃ¼ÅŸÃ¼rÃ¼p yatÄ±rÄ±mcÄ±yÄ± maÄŸdur ettik diye
Bu ÅŸirketin olumsuz bir yanÄ±nÄ± gosteremezsiniz
@barisesen 
@TuncayTursucu 
@TuncSatiroglu"
2022-08-20 14:24:23+00:00,ERSANKURT4,"#SPK ya duyurulur
HiÃ§ bir ÅŸirketi lot sayÄ±sÄ± azlÄ±ÄŸÄ± ile poip e indiremezsiniz 
Hele kasasÄ± para dolu
Yedek akÃ§e fazlalÄ±ÄŸÄ± olan
KÃ¢rÄ± yÃ¼ksek #qnbfb yi asla
#kent #yonga vs diÄŸerleri 
YatÄ±rÄ±m yapanÄ±n ekmeÄŸi ile oynadÄ±nÄ±z
TÄ±pkÄ± #Eyt Emeklilikte yaÅŸa takÄ±lanlar gibi
@adalet_bakanlik"
2022-08-20 08:20:21+00:00,zorroborsa,"Merkez BankasÄ±â€™ndan kredi dÃ¼zenlemesi .

#xbank
#akbnk #garan #isctr #ykbnk #halkb #vakbn #icbct #qnbfb #albrk #tskb

https://t.co/Ow4Y4lsbcu"
2022-08-19 12:04:06+00:00,Hngyee,"En Fazla Para GiriÅŸi ve Ã‡Ä±kÄ±ÅŸÄ± Olan Hisseler
https://t.co/uzCXSiOq7H
#PRZMA #psdtc #psgyo #Qnbfb #qnbfl #quagr #RALYH"
2022-08-18 21:39:51+00:00,Hngyee,"YabancÄ±larÄ±n En Ã‡ok AldÄ±ÄŸÄ± ve SattÄ±ÄŸÄ± Hisseler
https://t.co/ZenN8AQqtY
#PRZMA #psdtc #psgyo #Qnbfb #qnbfl #ralyh #raysg ."
2022-08-18 16:48:17+00:00,Hngyee,"YabancÄ±larÄ±n En Ã‡ok AldÄ±ÄŸÄ± ve SattÄ±ÄŸÄ± Hisseler
https://t.co/MnNJS72C1Z
#PRZMA #psdtc #psgyo #Qnbfb #qnbfl #ralyh #raysg"
2022-08-18 12:36:15+00:00,sila_borsasi,"REÄ°S PÄ°YASA 

MEKANIN SAHÄ°BÄ° GELDÄ°ğŸ˜‰

Ä°ZLE VE GÃ–R!!

ğŸ¦¾ğŸ¦¾ğŸ¦¾ğŸ¦¾ğŸ¦¾ğŸ¦¾ğŸ¦¾

#PARSNÂ  #PEGYOÂ  #PEKGYÂ  #PENGDÂ  #PENTAÂ  #PETKMÂ  #PETUNÂ  #PGSUSÂ  #PINSUÂ  #PKARTÂ  #PKENTÂ  #PNSUTÂ  #POLHOÂ  #POLTKÂ  #PRKABÂ  #PRKMEÂ  #PRZMAÂ  #PSDTCÂ  #QNBFBÂ  #QNBFL
ğŸ‘‡ğŸ‘‡
https://t.co/wSr9zaP1pp"
2022-08-18 12:36:13+00:00,sila_borsasi,"REÄ°S PÄ°YASA 

EFSANE GERÄ° DÃ–NDÃœ ğŸ¦¾

EKÄ°PTE YERÄ°NÄ° AL!!

ğŸ¦¾ğŸ¦¾ğŸ¦¾ğŸ¦¾

#PARSNÂ  #PEGYOÂ  #PEKGYÂ  #PENGDÂ  #PENTAÂ  #PETKMÂ  #PETUNÂ  #PGSUSÂ  #PINSUÂ  #PKARTÂ  #PKENTÂ  #PNSUTÂ  #POLHOÂ  #POLTKÂ  #PRKABÂ  #PRKMEÂ  #PRZMAÂ  #PSDTCÂ  #QNBFBÂ  #QNBFLÂ  

ğŸ‘‡ğŸ‘‡
https://t.co/wSr9zaP1pp
ğŸ‘†ğŸ‘†"
2022-08-18 10:16:31+00:00,Md162916,#kmpur yakÄ±nda gelir bir babayiÄŸit ele arkasÄ±ndan bakarsÄ±nÄ±z @infoyatirim #qnbyatirim #Qnbfb
2022-08-18 02:38:59+00:00,Vioptrader,"@zeynepxaktas BugÃ¼n ve yarÄ±n yabancÄ± oranÄ± dÃ¼ÅŸecek, qnbfb ile alakalÄ± durum, bu bankanÄ±n tÃ¼m takasÄ± yabancÄ±. yanÄ±ltmasÄ±n sizi. qnbfb iki gÃ¼ndÃ¼r dÃ¼ÅŸÃ¼yor. Demedim demeyin. YabancÄ± girÅŸi sÄ±fÄ±r."
2022-08-18 02:36:30+00:00,Vioptrader,"@XAUUSD21 @kursadbucak BugÃ¼n ve yarÄ±n yabancÄ± oranÄ± dÃ¼ÅŸecek, qnbfb ile alakalÄ± durum, bu bankanÄ±n tÃ¼m takasÄ± yabancÄ±. yanÄ±ltmasÄ±n sizi."
2022-08-17 20:05:52+00:00,Hngyee,"En Fazla Para GiriÅŸi ve Ã‡Ä±kÄ±ÅŸÄ± Olan Hisseler
https://t.co/To992KjV6k
#PSDTC #psgyo #Qnbfb #qnbfl #quagr #ralyh #raysg"
2022-08-17 08:44:32+00:00,ERSANKURT4,"@asliborsa Birde ÅŸu #Qnbfb ederine gelse Ã§ok duyarsÄ±zğŸ¤•
Ã‡ok bekleyen Ã§okmu gider acaba sabÄ±rla devam
#qnbf"
2022-08-16 21:30:15+00:00,mukim2507,@Arzu6235 lÃ¼tfen qnbfb ve yonga ya bakabilirmisiniz tÅŸk
2022-08-16 17:38:44+00:00,nzdnmz,Garan bir qnbfb olamaz mi demistim alim zamani :)) olamaz mi ? :)) minimum mesela:)cok mu ucuyorum:)) belki olur mu ? Amannn olmasa ne olur dursunnn babysi :)) ğŸ§¿ğŸ”¥
2022-08-16 13:19:09+00:00,isosaridag,@cakmaustad Qnbfb yorum gelir mi hocam
2022-08-16 10:20:06+00:00,Hngyee,"En Fazla Para GiriÅŸi ve Ã‡Ä±kÄ±ÅŸÄ± Olan Hisseler
https://t.co/5RrBkPuK6M
#przma #PSDTC #psgyo #Qnbfb #qnbfl #QUAGR #ralyh"
2022-08-16 04:22:33+00:00,TraderCaptain2,"Tarama Listesiâ€¦trdrcptnâ€¦2
#klnma #krvgd #maktk #marka #mepet #mrshl #nthol #orge #osmen #ostim #parsn #petun #pgsus #pkart #qnbfb #ralyh #raysg #sanfm #seykm #sktas #srvgy #trilc #unlu #utpya #verus 

#borsa #hisse #tarama #bist https://t.co/Jje9R4D1yz"
2022-08-16 03:50:46+00:00,AslGnlalan1,Ä°nternet bankacÄ±lÄ±ÄŸÄ± ÅŸifremi unuttum ve dÃ¼nden beri bir sÃ¼rÃ¼ mail gÃ¶nderdim denilen her adÄ±mÄ± yaptÄ±m hala mobil ÅŸifrem gÃ¶nderilmedi Ã¶demelerim var yazÄ±klar olsun #Qnbfb @qnbfinansbank @Enparacom
2022-08-16 00:26:00+00:00,HusemAkyol_,HiÃ§ bir benzerlik olmasa bile BBVA bu hisseleri alÄ±rken baÅŸka Ã¼lkelerdeki hisselere pd/dd 3 Ã¼zerinden alÄ±m teklifi vermiÅŸti. Bu orandan hesaplama yaparsak bile ÅŸuan garan Ä±n olmasÄ± gereken fiyat 80 liranÄ±n Ã¼stÃ¼nde #xu100 #garan #qnbfb
2022-08-15 14:22:01+00:00,GAltmisdort,"@ParaTeorisi #Klnma
#Qnbfb"
2022-08-15 08:30:19+00:00,Hngyee,"En Fazla Para GiriÅŸi ve Ã‡Ä±kÄ±ÅŸÄ± Olan Hisseler 
https://t.co/u2EcPVOne5
#prkab #prkme #przma #psdtc #psgyo #qnbfb #qnbfl ."
2022-08-15 08:14:46+00:00,SelinDY_Borsa,#QNBFB bu da bi ÅŸey yapmadÄ± .. https://t.co/ZEy4I63JEO
2022-08-15 08:00:22+00:00,CZ_Signalium,"#vertu
#utpya
#unlu
#ulas
#tursg
#trilc
#przma
#qnbfb
#qnbfl
#rheag
#seykm
#sokm
#akgrt
#kutpo
#tcell"
2022-08-15 07:22:49+00:00,PresenTeam,"#MIATK â€“ Zonguldak BÃ¼lent Ecevit Ãœniversitesi ile 3,1 milyon TL bedelli TemassÄ±z GeÃ§iÅŸ Kontrol Sistemi ve Hasta YÃ¶nlendirme Sistemleri iÅŸi sÃ¶zleÅŸmesi imzalandÄ±ÄŸÄ± aÃ§Ä±klandÄ±.

#QNBFB â€“ 84 gÃ¼n vadeli 752 milyon TL tutarÄ±nda bono ihraÃ§ edildi."
2022-08-15 07:01:11+00:00,hibyahaberajans,"Åirket haberleri
https://t.co/mxHrJJnSvP
#AKENR 
#AKBNK 
#AVGYO 
#BANVT 
#ESCAR 
#EKGYO 
#EMKEL 
#GESAN 
#GRNYO 
#HTTBT 
#HKTM 
#ISCTR 
#ISMEN 
#KFEIN 
#KONTR 
#KLSYN 
#LIDFA 
#MPARK 
#MIATK 
#QNBFB 
#RUBNS 
#RALYH 
#RTALB 
#SERVE 
#TSPOR 
#TEKTU 
#THYAO 
#TSPOR 
#SASA 
#SUNTK"
2022-08-15 06:02:11+00:00,hissediyoruz,"Cuma gÃ¼nkÃ¼ kapanÄ±ÅŸla birlikte gÃ¼nlÃ¼kte mum formasyonu oluÅŸan 14 HÄ°SSE

marubozu
QNBFB
KLNMA
TBORG
YBTAS
TRCAS
SNPAM
KGYO
UZERB
MERKO
OTTO
BRKO
DIRIT

doji
EGEPO
YUNSA

#borsa #qnbfb #klnma #tborg #ybtas #trcas #snpam #kgyo #uzerb #merko #otto #brko #dirit #egepo #yunsa"
2022-08-15 05:58:12+00:00,TRADER_EL_CHAPO,"#QNBFB
HAFTALIK https://t.co/lI7RndmmM0"
2022-08-15 05:48:27+00:00,samurayborsa,"#emnis 1.3m lot halka aÃ§Ä±k, sanayi ÅŸirketi.

BorÃ§lar Ã¶denip, karlar ve Ã¶z kaynak artÄ±yor.

Yeni #egeen olabilir.

#poltk #pkent #qnbfb https://t.co/0hTkmkC4w0"
2022-08-14 20:02:17+00:00,MPT556,@borsa_turk QNBFB reis
2022-08-14 19:59:11+00:00,MPT556,@borsa_turk Reis hoÅŸgeldin geÃ§ kaldÄ±m sanÄ±rÄ±m bugÃ¼n QNBFB ZAHMET OLMAZSA
2022-08-14 19:51:31+00:00,Hngyee,"En Fazla Para GiriÅŸi ve Ã‡Ä±kÄ±ÅŸÄ± Olan Hisseler 
https://t.co/u2EcPVOne5
#prkab #prkme #przma #psdtc #psgyo #qnbfb #qnbfl"
2022-08-14 18:58:01+00:00,moonstar145374,"#OZGYO #OZKGY #OZKGY #OZRDN #PAGYO #PAMEL #PAPIL #PARSN #PEGYO #PEKGY #PENGD #PENTA #PETKM #PETUN #PGSUS #PINSU #PKART #PKENT #PNSUT #POLHO #POLTK #PRKAB #PRKME #PRZMA #QNBFB #QNBFL #QUAGR #RALYH 
Takip:@Yalniz_Kurt5050
ğŸ¤˜ğŸ‡¹ğŸ‡·ğŸ‡¹ğŸ‡·ğŸ‡¹ğŸ‡·ğŸ¤˜ğŸ‡¹ğŸ‡·ğŸ‡¹ğŸ‡·ğŸ‡¹ğŸ‡·ğŸ¤˜
Telegram:https://t.co/C5C2cEyOi5"
2022-08-14 17:39:47+00:00,SelinDY_Borsa,"Bi de Ã§ok titiz sektÃ¶rel ayrÄ±mÄ± yapÄ±lmÄ±ÅŸ listemiz var .. 
Banka-sigorta ve factoringde 
#VAKBN
#QNBFB 
#HALKB 
#AGESA 
#CRDFA 
â¤ï¸ğŸ€â˜•ï¸"
2022-08-14 16:27:16+00:00,inbusinesstime,"Bir Ã¶nceki yÄ±lÄ±n ilk yarÄ±sÄ±na gÃ¶re kÃ¢rlarÄ± yaklaÅŸÄ±k 5 kat artan bankalarÄ±n Ocak - Haziran dÃ¶neminde aylÄ±k kiÅŸi baÅŸÄ± personel gideri karÅŸÄ±laÅŸtÄ±rmasÄ±

Kaynak : Kamuyu AydÄ±nlatma Platformu (KAP)
#isctr #ykbnk #akbnk #garan #vakbn #qnbfb #halkb #deniz https://t.co/hrPdKPrnKy"
2022-08-14 14:53:30+00:00,zazuuaction16,#QNBFB https://t.co/OEB4n0Dua8
2022-08-14 13:05:00+00:00,hissediyoruz,"Cuma gÃ¼nkÃ¼ kapanÄ±ÅŸla birlikte gÃ¼nlÃ¼kte mum formasyonu oluÅŸan 14 HÄ°SSE iÃ§in

https://t.co/gqMH6EOrOd

#borsa #qnbfb #klnma #tborg #ybtas #trcas #snpam #kgyo #uzerb #merko #otto #brko #dirit #egepo #yunsa #thyao #sise #izmdc #isctr #ekgyo #vakbn #dohol #cemas #sahol #tcell #ttkom"
2022-08-13 18:36:28+00:00,cozdegerleme,"Borsadaki bankalar son bir yÄ±lda net faiz gelirlerini %131 artÄ±rÄ±rken, net kÃ¢rlarÄ±nÄ± %287 artÄ±rmÄ±ÅŸ. 

EylÃ¼l bilanÃ§osuyla Prospektif F/Kâ€™lar 1â€™in altÄ±nÄ± gÃ¶rebilir.

#AKBNK #ALBRK #GARAN #ICBCT #ISCTR #QNBFB #SKBNK #HALKB #KLNMA #TSKB #VAKBN #YKBNK https://t.co/NfO3XBd566"
2022-08-13 17:18:36+00:00,borsa_bot,@Milad43986468 @RebelBlue6101 #QNBFB ve Ã¼cretsiz bir Ã§ok alarm iÃ§in @borsa_bot hesabÄ±na bekleriz.
2022-08-12 21:35:42+00:00,manset_ekonomi,QNB Finansbankâ€™a iki Stevie daha https://t.co/UCitTAmcQO @qnbfinansbank #Qnbfb #stevie #Ã¶dÃ¼l
2022-08-12 13:36:49+00:00,nukketyesil,"BÄ°LGÄ°YE YAPILAN YATIRIM EN Ä°YÄ° YATIRIMDIR.

ğŸ¦¾ğŸ¦¾ğŸ¦¾ğŸ¦¾ğŸ¦¾ğŸ¦¾ğŸ¦¾ğŸ¦¾ğŸ¦¾ğŸ¦¾

#ANELE #ULUFA #PEGYO #PEKGY #PENGD  #PENTA #PETKM #PETUN #PGSUS  #PINSU #PKART #PKENT #PNSUT  #POLHO #POLTK #PRKAB #PRKME  #PRZMA #PSDTC #QNBFB #QNBFL #QUAGR
ğŸ‘‡ğŸ‘‡ğŸ‘‡ğŸ‘‡ğŸ‘‡ğŸ‘‡ğŸ‘‡ğŸ‘‡ğŸ‘‡ğŸ‘‡ğŸ‘‡
https://t.co/9Pp2V02DiQ https://t.co/nzj8wKpG4N"
2022-08-12 10:35:05+00:00,cemseverler,"BÄ°LGÄ°YE YAPILAN YATIRIM EN Ä°YÄ° YATIRIMDIR.

ğŸ¦¾ğŸ¦¾ğŸ¦¾ğŸ¦¾ğŸ¦¾ğŸ¦¾ğŸ¦¾ğŸ¦¾ğŸ¦¾ğŸ¦¾

#PARSN #ULUFA #PEGYO #PEKGY #PENGD  #PENTA #PETKM #PETUN #PGSUS  #PINSU #PKART #PKENT #PNSUT  #POLHO #POLTK #PRKAB #PRKME  #PRZMA #PSDTC #QNBFB #QNBFL #QUAGR
ğŸ‘‡ğŸ‘‡ğŸ‘‡ğŸ‘‡ğŸ‘‡ğŸ‘‡ğŸ‘‡ğŸ‘‡ğŸ‘‡ğŸ‘‡ğŸ‘‡
https://t.co/aUa9OhbfAz"
2022-08-12 09:15:50+00:00,nukketyesil,"BÄ°LGÄ°YE YAPILAN YATIRIM EN Ä°YÄ° YATIRIMDIR.

ğŸ¦¾ğŸ¦¾ğŸ¦¾ğŸ¦¾ğŸ¦¾ğŸ¦¾ğŸ¦¾ğŸ¦¾ğŸ¦¾ğŸ¦¾

#PARSN #ULUFA #PEGYO #PEKGY #PENGD  #PENTA #PETKM #PETUN #PGSUS  #PINSU #PKART #PKENT #PNSUT  #POLHO #POLTK #PRKAB #PRKME  #PRZMA #PSDTC #QNBFB #QNBFL #QUAGR
ğŸ‘‡ğŸ‘‡ğŸ‘‡ğŸ‘‡ğŸ‘‡ğŸ‘‡ğŸ‘‡ğŸ‘‡ğŸ‘‡ğŸ‘‡ğŸ‘‡
https://t.co/9Pp2V02DiQ"
2022-08-12 05:37:59+00:00,hamolka34,@Engerek55048451 Be  kahvede #qnbfb 1000 lira olacak demiÅŸim bi kere.
2022-08-12 04:17:16+00:00,TraderCaptain2,"Tarama Listesiâ€¦trdrcptnâ€¦
#akgrt #anele #ardyz #asuzu #bioen #casa #clebi #dagi #denge #ersu #euhol #ieyho #kchol #kgyo #lidfa #logo #megap #mercn #mtryo #qnbfb #sarky #sokm #sonme #tlman #ulker #vakbn #z30eaf

#borsa #hisse #tarama #bist https://t.co/tB5crDljP3"
2022-08-11 18:31:58+00:00,onur34pubg,"Enpara dolandÄ±rÄ±cÄ± bir bankadir dikkat edin, kredi kartÄ± borcunun hepsini Ã¶dedip limiti aÃ§madÄ±lar.  Her yerde yazacaÄŸÄ±m bunlarÄ±, her platformda  #banka #Qnbfb  #dikkat #dolandÄ±rÄ±cÄ±lÄ±k #cumhurbaskanlÄ±ÄŸÄ± @Enparacom @tcbestepe @TC_icisleri #SonDakika"
2022-08-11 10:36:19+00:00,ozcangulsen,#GARAN =#QNBFB ?
2022-08-10 19:00:01+00:00,menkulanalisti,"Banka sektÃ¶rÃ¼ hisselerinin 2022 yÄ±lÄ± yÃ¼zdesel getirileri. https://t.co/EYsW0eEc7v
Not: Bu link aktif kalacaktÄ±r. 
#BorsaIstanbul #borsa #bist #bist100 #bist50 #xu100 #viop #hisse  #TSKB #SKBNK #ISCTR #YKBNK #GARAN #AKBNK #HALKB #VAKBN #ALBRK #ICBCT #QNBFB #KLNMA https://t.co/vPOb0DROcn"
2022-08-09 23:16:29+00:00,NihalAkarsu34,"#Qnbfb 

8 Temmuz'da 36,00 da paylaÅŸÄ±ldÄ±. 
KapanÄ±ÅŸ itibarÄ±yla, % 7 primli. 

Destek - direnÃ§ler grafikte 

GÃ¼ncelleme  âœï¸ https://t.co/cF6uiJ0vqR https://t.co/yDtH6R1Sq6"
2022-08-09 21:39:15+00:00,buraktheborsa1,"#sniper #tarama 15 dk lÄ±k mum oluÅŸumlarÄ±na gÃ¶redir. Kesinlikle grafik kontrolÃ¼ gerektirir. YTD 

#qnbfb #isbtr #kchol #tuprs #garan #klnma #cante #enjsa #basgz #ismen #qnbfl #aydem https://t.co/ednkGHqDYE"
2022-08-09 19:16:09+00:00,Hngyee,"En Fazla Para GiriÅŸi ve Ã‡Ä±kÄ±ÅŸÄ± Olan Hisseler 
https://t.co/CuM2hSyVdi
#psgyo #Qnbfb #qnbfl #quagr #ralyh #raysg #rheag #RNPOL"
2022-08-09 08:53:17+00:00,AfsinKucukoglu,"@CemilCemal8 @iriscibre 2003 yÄ±lÄ±nda 0,58TL'den 300bin lot Finbn (Qnbfb) almÄ±ÅŸtÄ±m. Satmamaya da yemin etmiÅŸtim. Tabii ki sattÄ±m ama yeminimi tutsaydÄ±m bugÃ¼n asla sahip olamayacaÄŸÄ±m bir servete sahip olacaktÄ±m."
2022-08-08 21:47:55+00:00,DrEmrahArioglu,"@FeritSercan LÃ¼tfen bu Ã¶rnekleri vermeyelim, insanlar deliriyorlar bunlarÄ± duyunca :) GeÃ§miÅŸte olanlarÄ±n bir gÃ¼n tekrar olabileceÄŸini asla kabul etmiyorlar. Dikkat edin Ã§eÅŸitlendirin diyince de, ""hiÃ§ borsaya girmeyek sana kalÄ±rsa gardaÅŸ"" diye tepki veriyorlar :)
Qnbfb Ã¶rneÄŸi en acÄ±sÄ±..."
2022-08-08 19:35:33+00:00,ALKATRAZKUSCUSU,#qnbfb $ bazlÄ± grafiÄŸi... https://t.co/HPKTga4z9d
2022-08-08 19:01:44+00:00,AyeDura34354040,"Tavandan bakÄ±nca da aÅŸaÄŸÄ±sÄ± pek eÄŸlenceli gÃ¶rÃ¼nÃ¼yor ğŸ˜
Yaprak Reis &amp; #RODRG

Ky geliyor. ğŸ”¥

#PARSN  #PEGYO  #PEKGY  #PENGD #PENTA #PETKM  #PETUN #PKENT #PNSUT #POLHO #POLTK #PRKAB #PRKME #PRZMA  #PSDTC #QNBFB #QNBFL

Telegram: ğŸ”¥ https://t.co/jLHvtb5l10 ğŸ”¥
Twitter: @yaprakreis1"
2022-08-08 14:48:39+00:00,PlusBorsa,"#QNBFB â€“ 30 milyar TLâ€™ye kadar borÃ§lanma aracÄ± ihracÄ± kapsamÄ±nda yapÄ±lan baÅŸvuru SPK tarafÄ±ndan onaylandÄ±.

#QUAGR â€“ 2,5 milyar TLâ€™ye kadar borÃ§lanma aracÄ± ihracÄ± kapsamÄ±nda yapÄ±lan baÅŸvuru SPK tarafÄ±ndan onaylandÄ±.
#borsaplus #borsa #BorsaIstanbul #bist100"
2022-08-08 09:15:17+00:00,Zacriypto,"Emekli maaÅŸ promosyon yarÄ±ÅŸÄ±na bir banka daha katÄ±ldÄ±: QNB Finans 7 bin lira verecek!

#Qnbfb #qnbfl #forextrader #BORSA"
2022-08-08 07:27:59+00:00,mturkerakanlar,"2Ã‡22 BÄ°ST Åirket karlarÄ±

#ARCLK #TOASO #YKBNK #PSGYO #DERHL #INVEO #GRNYO #GARFA #TAVHL #PRKAB #AKBNK #QNBFL #GARAN #FROTO #ANHYT #ISGSY #TSGYO #QNBFB #RYGYO #KLNMA #KRGYO #KSTUR #SODSN #CANTE #OTKAR #AKCNS #FMIZP #ISFIN #ISYAT #ISGYO #BRSAN 
https://t.co/lqBdsof5AZ"
2022-08-07 21:07:28+00:00,PiyasaRehberim,"HaftanÄ±n Listesi 

#Asels

#Petkm

#Vertu

#Ipeke

#Bossa

YatÄ±rÄ±m Tavsiyesi DeÄŸildir...

Takipte KalÄ±nğŸ˜‰

#PiyasaRehberi #BorsacÄ±Adam

#Xu100 #Dolar  #Halkb #Thyao #Garan #Asels #Flap #Cemas #Adese #Pgsus #Ittfh #Krstl #Zoren #Odas #Oyayo #Denge #Qnbfb #Icbct #Snkron #Aghol"
2022-08-07 18:31:38+00:00,AyeDura34354040,"Eveeet pasta bitiyor.
Yaprak Reis &amp; #RODRG

Ky geliyor. 

#PARSN  #PEGYO  #PEKGY  #PENGD  #PENTA  #PETKM  #PETUN  #PGSUS  #PINSU  #PKART  #PKENT  #PNSUT  #POLHO  #POLTK  #PRKAB  #PRKME  #PRZMA  #PSDTC  #QNBFB  #QNBFL

Telegram: ğŸ”¥ https://t.co/jLHvtb5l10 ğŸ”¥
Twitter: @yaprakreis1 https://t.co/sLFwnL45Dh"
2022-08-07 11:50:30+00:00,Emirr_hannn,BÄ°LGÄ° EN BÃœYÃœK YATIRIMDIR. #PARSN  #PEGYO  #PEKGY  #PENGD  #PENTA  #PETKM  #PETUN  #PGSUS  #PINSU  #PKART  #PKENT  #PNSUT  #POLHO  #POLTK  #PRKAB  #PRKME  #PRZMA  #PSDTC  #QNBFB  #QNBFL  #QPERPF1  #QUAGR  #RALYH  #RAYSG  #RHEAG https://t.co/vFGqb61rke
2022-08-07 11:18:12+00:00,ozgrbilgic,@netodun #asuzu ya Ã§ok yÃ¼kseldi diyenler  borsadan anlamÄ±yor abi buna Ã¶rnek #rtalb #qnbfb #hubvc hisselerini incelesinler hergÃ¼n tavan tavan giden hisseler sonunda yatÄ±rÄ±mcÄ±sÄ±nÄ± nasÄ±l zengin etmiÅŸ Ã¶ÄŸrensinler!!
2022-08-06 18:02:02+00:00,AyseBcrmsr,@zukushimekafu #enpara #QNBFB
2022-08-06 11:48:04+00:00,mstf1310,"200 GÃœNLÃœK ORTALAMASINA OLDUKÃ‡A YAKIN OLAN HÄ°SSELER: 

AKYHO AVGYO ADESA AVOD AVTUR AYCES BURCE BURVA CASA CMBTN DGATE DÄ°RÄ°T DMSAS EKÄ°Z EREGL GSDDE HUBVC Ä°DGYO Ä°EYHO Ä°HGZT Ä°HLAS Ä°SGSY Ä°SKPL Ä°ZMDC KRONT KSTUR MERKO OSMEN PRZMA PSDTC QNBFB QNBFL SARKY SODSN SONME SUMAS OTTO TGSAS https://t.co/4HIdlDOUQH"
2022-08-06 09:13:01+00:00,borsaDEDE,"KÃ‚R, AKTÄ°F, Ã–ZSERMAYE VE YATIRIMI ARTAN #BORSA ÅÄ°RKETLERÄ° 
#AKBNK #GARAN #YKBNK #SISE #QNBFB #FROTO #KRDMD #TSKB #VESBE #TTRAK #SKBNK #OTKAR #CEMTS #KRDMA #ISFIN #HEKTS #BRSAN #VKGYO #TAVHL #KRDMB #GEDIK #TATGD #QNBFL #ZRGYO #MIATK #AFYON #PRKAB #INTEM #BOBET #OSMEN #BNTAS https://t.co/i5GfaG14Sf"
2022-08-06 09:07:17+00:00,BorsaAzil,"KÃ‚R, AKTÄ°F, Ã–ZSERMAYE VE YATIRIMI ARTAN ÅÄ°RKETLER
#AKBNK #GARAN #YKBNK #SISE #QNBFB #FROTO #KRDMD #TSKB #VESBE #TTRAK #SKBNK #OTKAR #CEMTS #KRDMA #ISFIN #HEKTS #BRSAN #VKGYO #TAVHL #KRDMB #GEDIK #TATGD #QNBFL #ZRGYO #MIATK #AFYON #PRKAB #INTEM #BOBET #OSMEN #BNTAS https://t.co/gjWSi0NjrH"
2022-08-06 08:46:15+00:00,zeynepxaktas,"KÃ‚R, AKTÄ°F, Ã–ZSERMAYE VE YATIRIMI ARTAN ÅÄ°RKETLER
#AKBNK #GARAN #YKBNK #SISE #QNBFB #FROTO #KRDMD #TSKB #VESBE #TTRAK #SKBNK #OTKAR #CEMTS #KRDMA #ISFIN #HEKTS #BRSAN #VKGYO #TAVHL #KRDMB #GEDIK #TATGD #QNBFL #ZRGYO #MIATK #AFYON #PRKAB #INTEM #BOBET #OSMEN #BNTAS https://t.co/6RzGcrU1UP"
2022-08-06 07:45:08+00:00,borsa_curve,"GÃ¼ncel Orta ve Uzun vade PortfÃ¶yÃ¼m 
1- #pekgy maliyet (6 aydÄ±r elimde tutuyorum) :0,95
2- #adese maliyet (6 aydÄ±r topluyorum): 0,79
3-#klmsn  maliyet (1,5 yÄ±ldÄ±r elimde tutuyorum): 13,59
4-#qnbfb maliyet ( 2 yÄ±ldÄ±r elimde tutuyorum):67,96
5-#pegyo maliyet  ( 1,83)"
2022-08-05 20:16:21+00:00,hibyanewsagency,"BorÃ§lanma araÃ§larÄ±nÄ±n / kira sertifikalarÄ±nÄ±n iÅŸlem gÃ¶rmeye baÅŸlamasÄ±
https://t.co/eF8LbfujVu
#BIST100Sirketler #bist100 #bist #BORSA 
#Cuma #HALKB #QNBFB #NRHOL #GLBMD #EKOFA #ZKBVK #DFKTR #SKYMD #ALNUS #ARNFK #YKBNK #DGRVK"
2022-08-05 20:16:17+00:00,hibyahaberajans,"BorÃ§lanma araÃ§larÄ±nÄ±n / kira sertifikalarÄ±nÄ±n iÅŸlem gÃ¶rmeye baÅŸlamasÄ±
https://t.co/2RuTWKyY40
#BIST100Sirketler #bist100 #bist #BORSA 
#Cuma #HALKB #QNBFB #NRHOL #GLBMD #EKOFA #ZKBVK #DFKTR #SKYMD #ALNUS #ARNFK #YKBNK #DGRVK"
2022-08-05 18:43:47+00:00,hibyanewsagency,"BorÃ§lanma araÃ§larÄ±, yatÄ±rÄ±m fonlarÄ± ve varant itfa/kupon/getiri/ nakdi uzlaÅŸÄ± Ã¶deme iÅŸlemleri
https://t.co/2kWkvWSkh0

#BIST100Sirketler #bist100 #bist #BORSA 
#Cuma #ARNFK #DENIZ #DFKTR #EKOFA #EKTVK #EMVAR #GLBMD #QNBFB #SKYMD #HALKB #TUPRS #YKBNK #ZKBVK"
2022-08-05 18:43:41+00:00,hibyahaberajans,"BorÃ§lanma araÃ§larÄ±, yatÄ±rÄ±m fonlarÄ± ve varant itfa/kupon/getiri/ nakdi uzlaÅŸÄ± Ã¶deme iÅŸlemleri
https://t.co/SipClQrFo0

#BIST100Sirketler #bist100 #bist #BORSA 
#Cuma #ARNFK #DENIZ #DFKTR #EKOFA #EKTVK #EMVAR #GLBMD #QNBFB #SKYMD #HALKB #TUPRS #YKBNK #ZKBVK"
2022-08-05 15:28:25+00:00,regellosenigma,"#FIN, QNBFB QNB FÄ°NANSBANK A.Å.
                                QNB Finansbank A.Å. Ä°hraÃ§Ã§Ä± Bilgi DokÃ¼manÄ± (Birinci KÄ±sÄ±m)                            
Haberin DevamÄ±: https://t.co/sRtEiW51pm"
2022-08-05 15:27:42+00:00,regellosenigma,"#FIN, QNBFB QNB FÄ°NANSBANK A.Å.
                                QNB Finansbank A.Å. Sermaye PiyasasÄ± AracÄ± Notu                            
Haberin DevamÄ±: https://t.co/uu72d2ImSC"
2022-08-05 15:26:33+00:00,regellosenigma,"#FIN, QNBFB QNB FÄ°NANSBANK A.Å.
                                QNB Finansbank A.Å. Ä°hraÃ§Ã§Ä± Bilgi DokÃ¼manÄ± (Ä°kinci KÄ±sÄ±m)                            
Haberin DevamÄ±: https://t.co/4usqiMANfZ"
2022-08-05 15:18:20+00:00,SelinDY_Borsa,"Hissenin  #bist30 olmasÄ± saÄŸlam olmasÄ± 
adÄ±nÄ±n #beyaz #iÅŸgyo #asels #rtalb #halkb #isctr #qnbfb #kozal #asuzu #sasa #eregl  olmasÄ± Ã§ok Ã¶nemli deÄŸildir..
BurasÄ± borsadÄ±r ve sonsuz yÃ¼kseliÅŸ - dÃ¼ÅŸÃ¼ÅŸ yoktur.. 
Eninde sonunda tÃ¼m hisseler dÃ¼zeltmesini yapar..
Ama Ã¶yle ama bÃ¶yle... https://t.co/lSC5WLS3Fc"
2022-08-05 15:04:39+00:00,dinamikyatirim_,"Bankalar sazÄ± eline aldÄ±ğŸš€
#xbank #BorsaIstanbul #BORSA #bist100 

#garan #isctr #akbnk #skbnk #vakbn #halkb #icbct #ykbnk #tskb #albrk #qnbfb #klnma https://t.co/x14foGywGi"
2022-08-05 13:23:33+00:00,borsa_bot,@zeynepxaktas @hakanuluer1903 #QNBFB ve Ã¼cretsiz bir Ã§ok alarm iÃ§in @borsa_bot hesabÄ±na bekleriz.
2022-08-05 07:32:40+00:00,PresenTeam,"#QNBFB â€“ 30 milyar TLâ€™ye kadar borÃ§lanma aracÄ± ihracÄ± kapsamÄ±nda yapÄ±lan baÅŸvuru SPK tarafÄ±ndan onaylandÄ±.

#QUAGR â€“ 2,5 milyar TLâ€™ye kadar borÃ§lanma aracÄ± ihracÄ± kapsamÄ±nda yapÄ±lan baÅŸvuru SPK tarafÄ±ndan onaylandÄ±."
2022-08-05 05:44:38+00:00,PlusBorsa,"â—¾#Halkb BorÃ§lanma aracÄ± ihracÄ± baÅŸvurusu onaylandÄ± â—¾#Quagr BorÃ§lanma aracÄ± ihracÄ± baÅŸvurusu onaylandÄ± â—¾#Qnbfb BorÃ§lanma aracÄ± ihracÄ± baÅŸvurusu onaylandÄ± â—¾#Ykbnk BorÃ§lanma aracÄ± ihracÄ± baÅŸvurusu onaylandÄ± â—¾#Dohol #Karel Zorunlu pay alÄ±m teklifi 11,47â‚º olarak revize edildi"
2022-08-05 05:29:37+00:00,Regulator003,"â—¾#Halkb BorÃ§lanma aracÄ± ihracÄ± baÅŸvurusu onaylandÄ±
â—¾#Quagr BorÃ§lanma aracÄ± ihracÄ± baÅŸvurusu onaylandÄ±
â—¾#Qnbfb BorÃ§lanma aracÄ± ihracÄ± baÅŸvurusu onaylandÄ±
â—¾#Ykbnk BorÃ§lanma aracÄ± ihracÄ± baÅŸvurusu onaylandÄ±
â—¾#Dohol #Karel Zorunlu pay alÄ±m teklifi 11,47â‚º olarak revize edildi"
2022-08-05 04:16:34+00:00,zeynepxaktas,"KÃ‚RI ARTAN 54 BORSA ÅÄ°RKETÄ°
#AKBNK #GARAN #YKBNK #SISE #QNBFB #FROTO #TOASO #KRDMD #TSKB #ISMEN #TTRAK #SKBNK #KLNMA #YYLGD #OTKAR #INVEO #CEMTS #ISFIN #BRSAN #ANSGR #ANHYT #KMPUR #AKCNS #TAVHL #ERBOS #GEDIK #TATGD #GARFA #DZGYO #MIATK #OSMEN #FMIZP https://t.co/v9H99RKjK6"
2022-08-04 20:47:57+00:00,Mhmtdg85,"@zeynepxaktas Ã‡ok Ã¶zÃ¼r dilerim, bu listenizde QNBFB yi neden devre dÄ±ÅŸÄ± birakiyorsunuz. Piyasa deÄŸeri 122 mlr tl."
2022-08-04 19:44:40+00:00,sudhirk19694544,"En Fazla Para GiriÅŸi ve Ã‡Ä±kÄ±ÅŸÄ± Olan Hisseler
https://t.co/KAro6OZBFX
#PRZMA #PSDTC #psgyo #qnbfb #qnbfl #quagr #RALYH #raysg"
2022-08-04 18:48:06+00:00,PlusBorsa,"ğŸŸ¢SPK, tarafÄ±ndan onaylanan BorÃ§lanma AraÃ§larÄ± #Halkb #Qnbfb #Quagr #Ykbnk 

#borsaplus #borsa #BorsaIstanbul #bist100"
2022-08-04 18:29:24+00:00,Regulator003,"ğŸŸ¢SPK, tarafÄ±ndan onaylanan BorÃ§lanma AraÃ§larÄ±
#Halkb #Qnbfb #Quagr #Ykbnk https://t.co/RAwli7tqRL"
2022-08-04 18:05:00+00:00,hiakkaya,"Tarama Listesi/Tillson/2âƒ£

#karsn #kent #kervt #klkÄ±m #konka #kuyas #mobtl #oyakc #oyyat #penta #qnbfb #royal #seykm #smart #tuclk #tukas #tursg #uluun #vkÄ±ng #yaprk #yatas #yeotk 

#borsa #binance #bitcoin #dolar #bist100 https://t.co/uc9fJGznyo"
2022-08-04 11:22:54+00:00,AhmetTo00638971,#pekgy kÃ¢r da oturmayÄ± bilecez tahtacÄ± Ã¼Ã§ gÃ¼ndÃ¼r sabah eksi Ã§alÄ±ÅŸÄ±yor Ã¶ÄŸleden sonra artÄ± Ã§alÄ±ÅŸÄ±yor tahtacÄ± bÃ¼yÃ¼k ihtimalle Qnbfb Hasan Peker bu bankayla Ã§alÄ±ÅŸÄ±yor TEB in asÄ±l iÅŸi viop ta iÅŸlem yapmak bu tahtada iÅŸlem yapÄ±yor bilonco gelmeden satmayÄ±n benim hedefim yÃ¼ksek Y.T.D
2022-08-04 08:34:40+00:00,iDealDataHaber,"QNB Finansbank sÃ¼rdÃ¼rÃ¼lebilirlik temalÄ± SWAP iÅŸlemleri yapacak
#qnbfb
https://t.co/031r4fUZaq https://t.co/y2xDwhJawd"
2022-08-03 17:51:40+00:00,Borsamoney7_,"ğŸŸ¢ AYDA EN AZ %30 KAR GARANTÄ°SÄ° 

ğŸ”µ DETAYLI BÄ°LGÄ° Ä°Ã‡Ä°N MESAJ ATINIZ!!!

 #hubvc #hurgz #iheva #isyat #iztar #kront 

#jants #vbtyz #ntgaz #qnbfb #dgnmo #obase

 #kutpo  #selec #alka #pkart #hedef  #basgz #alcar https://t.co/4lEB1yUus6"
2022-08-03 15:10:37+00:00,pskdanEmre,En gÃ¼zel doÄŸum gÃ¼nÃ¼ hediyesi ğŸğŸŠ #Tema #Qnbfb https://t.co/0eDArA4XXN
2022-08-03 13:17:25+00:00,YgtKyn,"SÃœRE UZATILMIÅ! 
31 AralÄ±k 2022 ye kadar ki alÄ±nan satÄ±lanlarda veya alÄ±nÄ±p tutulanlarda KAR STOPAJ SÄ±ffÄ±Ä±r :) 
#GLDTRF #GMSTRF de var aralarÄ±nda. #USDTRF yok tabi. 

https://t.co/wMRSXn5voD 

#bist #viop #dolar #fon #altÄ±n #gÃ¼mÃ¼ÅŸ #tefas #qnbfb https://t.co/6l0zX9YeG8"
2022-08-03 11:55:01+00:00,hislerimbosluk,"@webtekno DarÄ±sÄ± uyarÄ± #QNBFB baÅŸÄ±na 
@spkgovtr duy SPK duy"
2022-08-02 20:12:32+00:00,AyeDura34354040,"Yaprak Reis &amp; #RODRG

Ky geliyor. ğŸ”¥ğŸ”¥ğŸ”¥ğŸ”¥ğŸ”¥

#PARSN  #PEGYO  #PEKGY  #PENGD  #PENTA  #PETKM  #PETUN  #PGSUS  #PINSU  #PKART  #PKENT  #PNSUT  #POLHO  #POLTK  #PRKAB  #PRKME  #PRZMA  #PSDTC  #QNBFB  #QNBFL

ğŸ”¥ https://t.co/jLHvtb5l10 ğŸ”¥"
2022-08-02 13:19:46+00:00,hislerimbosluk,@Dr_Arslan_SMMM #qnbfb hakkÄ±nda ufacÄ±k bir yorum...
2022-08-02 07:04:31+00:00,PresenTeam,"#ORCAY - YÃ¶netim Kurulu BaÅŸkanÄ± Mehmet ErdoÄŸan tarafÄ±ndan sahip olduÄŸu 820.616 adet payÄ±n Borsaâ€™da satÄ±ÅŸÄ±na iliÅŸkin SPKâ€™ya sunulan Pay SatÄ±ÅŸ Bilgi Formuâ€™nun SPK tarafÄ±ndan onaylandÄ±ÄŸÄ± aÃ§Ä±klandÄ±.

#QNBFB - 91 gÃ¼n vadeli 6,7 milyon sterlin tutarÄ±nda borÃ§lanma aracÄ± ihraÃ§ edildi."
2022-08-02 06:15:00+00:00,hissediyoruz,"FinansallarÄ± aÃ§Ä±klanan 41 HÄ°SSE

TRILC
UZERB
TATGD
TTRAK
ORMA
ISMEN
MAALT
MRGYO
TSKB
SUMAS
YBTAS
BRSAN
ISYAT
AKCNS
OTKAR
ISFIN
ISGYO
CANTE
FMIZP
FROTO
KLNMA
TSGYO
ANHYT
KRGYO
KSTUR
SODSN
QNBFB
ISGSY
RYGYO
GARAN
PRKAB
GRNYO
QNBFL
TAVHL
INVEO
GARFA
AKBNK
TOASO
ARCLK
YKBNK
DERHL"
2022-08-02 06:08:56+00:00,hibyanewsagency,"Åirket haberleri
https://t.co/FiSmSYttWv
#BARMA
#ARCLK
#ANSGR
#ASUZU
#BALAT
#BASGZ
#COSMO
#DARDL
#EMKEL
#GLBMD
#IHGZT
#KAREL
#KONTR
#KFEIN
#MERKO
#OBASE
#ORCAY
#QNBFB
#PNLSN
#POLHO
#RALYH
#RODRG
#TTRAK
#VESTL
#YAYLA
#ARCLK
#BOBET
#MPARK
#ITTFH
#PAPIL
#VERUS
#DNISI
#HDFGS https://t.co/mELkLdBxBA"
2022-08-02 06:08:11+00:00,hibyahaberajans,"Åirket haberleri
https://t.co/ShfIFq4hJJ
#BARMA
#ARCLK
#ANSGR
#ASUZU
#BALAT
#BASGZ
#COSMO
#DARDL
#EMKEL
#GLBMD
#IHGZT
#KAREL
#KONTR
#KFEIN
#MERKO
#OBASE
#ORCAY
#QNBFB
#PNLSN
#POLHO
#RALYH
#RODRG
#TTRAK
#VESTL
#YAYLA
#ARCLK
#BOBET
#MPARK
#ITTFH
#PAPIL
#VERUS
#DNISI
#HDFGS https://t.co/uKsIm9C7yu"
2022-08-02 05:59:16+00:00,hissesinyalapp,"#QNBFB â€“ 91 gÃ¼n vadeli 6,7 milyon sterlin tutarÄ±nda borÃ§lanma aracÄ± ihraÃ§ edildi."
2022-08-02 05:47:13+00:00,haberborsa,"#QNBFB â€“ 91 gÃ¼n vadeli 6,7 milyon sterlin tutarÄ±nda borÃ§lanma aracÄ± ihraÃ§ edildi."
2022-08-02 05:44:24+00:00,MustafaBjk190,"#xu100 #bist100 Grafik 

Ã‡anak Drenci 2686 yÃ¼kselen kanal hattÄ±nda devam etmekte bir Ã¼st kanala tÄ±rmandÄ±k 2686 Ã¶nemli bir nokta burada dikkatli olmakta Fayda var 

Yatirim Tavsiyesi Degildir. 

#rtalb #hlgyo #cmen #arclk #quagr #Qnbfb #Akbank #Bitcoin #osmen #ISMEN #YAYLA #TKNSA https://t.co/AlhQanWp89 https://t.co/kxiyyx9TCR"
2022-08-01 16:36:34+00:00,modimadi06,"#OSMENÂ â€“ 73 gÃ¼n vadeli 60 milyon TL tutarÄ±nda bono ihraÃ§ edildi.

#QNBFBÂ â€“ 77 gÃ¼n vadeli 407,0 milyon TL tutarÄ±nda bono ihraÃ§ edildi.

#PEGYOÂ â€“ Åirket kayÄ±tlÄ± sermaye tavanÄ±nÄ±n 250 milyon TLâ€™den 700 milyon TLâ€™ye yÃ¼kseltilmesi kararÄ± Genel Kurulâ€™da da onaylandÄ±."
2022-08-01 15:09:48+00:00,KAP_Bildirimi,"#QNBFB
QNB FÄ°NANSBANK
MTN programÄ± kapsamÄ±nda yurtdÄ±ÅŸÄ±nda ihraÃ§ edilen borÃ§lanma aracÄ±nÄ±n ihracÄ±
https://t.co/GL9A3WGOij"
2022-08-01 15:09:28+00:00,KAP_Bildirimi,"#QNBFB
QNB FÄ°NANSBANK
MTN programÄ± kapsamÄ±nda yurtdÄ±ÅŸÄ±nda ihraÃ§ edilen borÃ§lanma aracÄ±nÄ±n itfasÄ±
https://t.co/OX9dDwdxau"
2022-08-01 08:50:17+00:00,BorsaKu94197811,"FAKÄ°R BORSACI 

MEKANIN SAHÄ°BÄ° GELDÄ°ğŸ˜‰

Ä°ZLE VE GÃ–R!!

ğŸ¦¾ğŸ¦¾ğŸ¦¾ğŸ¦¾ğŸ¦¾ğŸ¦¾ğŸ¦¾

#PARSN  #PEGYO  #PEKGY  #PENGD  #PENTA  #PETKM  #PETUN  #PGSUS  #PINSU  #PKART  #PKENT  #PNSUT  #POLHO  #POLTK  #PRKAB  #PRKME  #PRZMA  #PSDTC  #QNBFB  #QNBFL
ğŸ‘‡ğŸ‘‡
https://t.co/E1K2FiVwDY
ğŸ‘† https://t.co/R50MFxrQuC"
2022-08-01 06:43:44+00:00,PresenTeam,"#KARSN â€“ Romanya BÃ¼kreÅŸ Belediyesi'nin aÃ§tÄ±ÄŸÄ± 100 adet 12 metre Elektrikli OtobÃ¼s ve Åarj Ãœnitesi alÄ±m ihalesine teklif verildiÄŸi aÃ§Ä±klandÄ±.

#OSMEN â€“ 73 gÃ¼n vadeli 60 milyon TL tutarÄ±nda bono ihraÃ§ edildi.

#QNBFB â€“ 77 gÃ¼n vadeli 407,0 milyon TL tutarÄ±nda bono ihraÃ§ edildi."
2022-08-01 06:31:32+00:00,silamin_Kalemi,"FAKÄ°R BORSACI GERÄ° DÃ–NDÃœ
AklÄ±ndaki SorularÄ±n CevabÄ± Ä°Ã§in Takipte Kal 
ğŸ”¥ğŸ”¥FAKÄ°R BORSACIğŸ”¥ğŸ”¥
https://t.co/N3gYY560Qw
https://t.co/P0f8leUHCF
https://t.co/FndEJ7Y0Rw
#BRKSN #IEYHO #CRDFA #EUKYO #AYCES #QNBFB #GEREL #ARDYZ #KRONT #CMENT #AVTUR #CRFSA #YATAS #ITTFH #YAPRK #KRVGD https://t.co/jmo5ot5aVM"
2022-08-01 06:01:54+00:00,hibyahaberajans,"Åirket haberleri
https://t.co/4lggygSYKw
#BARMA.HE 
#ALBRK 
#ARCLK 
#AYGAZ 
#AYDEM 
#BRKO 
#DOBUR 
#DOKTA 
#EMKEL 
#EKGYO 
#FENER 
#GESAN 
#GLCVY 
#GESAN 
#GSRAY
#HEKTS 
#IMASM 
#karsn  
#OSMEN 
#QNBFB 
#PEGYO 
#PCILT 
#PRKME 
#SERVE 
#SMRTG 
#SNKRN 
#SISE 
#TRILC 
#TTRAK"
2022-07-31 20:08:40+00:00,borsaciselim_,"cmbtn https://t.co/Mqr74e7WHl #CMBTN 
bitcoin https://t.co/a7UF9F8c6F #BITCOIN 
yyapÄ± https://t.co/UnMDDQp27U #yyapÄ±
yeotk https://t.co/cvFTXEkgj5 #yeotk
qnbfb https://t.co/zxb9jCkYx9 #Qnbfb 
ralyh https://t.co/b8fLtTXGx0 #RALYH 
crfsa https://t.co/63HxAtUO3F #CRFSA"
2022-07-31 09:14:43+00:00,memolika58,@selimge29587662 selim bey bir donemler dolasÄ±mdakÄ± oranÄ± yuzde 5 altÄ±ndakÄ± hÄ±sseler sert yukarÄ± yapmÄ±ÅŸtÄ±. yine benzer bir olay var. Qnbfb aldÄ±m azcÄ±k oda cment gibi dolaÅŸÄ±mda lot yok
2022-07-30 14:58:20+00:00,FinansDunyamm,#AKBNK #GARAN #QNBFB #FROTO #TOASO #TAVHL #PSGYO #ARCLK https://t.co/DGkkAk4NlU
2022-07-30 09:00:01+00:00,Gercek_Borsaci,"1âƒ£ PD/DD deÄŸeri en dÃ¼ÅŸÃ¼kler,
2âƒ£ F/K oranÄ± en dÃ¼ÅŸÃ¼kler,
3âƒ£ HBK oranÄ± en yÃ¼ksekler,
4âƒ£ Piyasa deÄŸeri en yÃ¼ksekler,

NOT: Her tabloda 25'er adet hisse ve sÄ±ralÄ± halde! 

#borsa #bist100 #froto #sasa #eregl #qnbfb #gozde #metro #vakbn #ozgyo #vertu #egeen #otkar #clebi #ttrak #tuprs https://t.co/Y1NnOxZJ75"
2022-07-29 18:29:19+00:00,fiboo141425,"#EFSANE 
#ANELE  #ADEL #INTEM #GUBRF #FADE #AKSUE #IHGZT #BEYAZ #BIZIM #LOGO #MPARK #CMENT #QNBFB #BRLSM #GLBMD https://t.co/JUr8BJFy5e"
2022-07-29 16:56:19+00:00,BJKCoccinella,"GÃœNLÃœK PUANLAMALAR
#GWIND,#ADEL,#AKYHO,#MARKA,#BRYAT,#KLNMA,#PAGYO,#HDFGS,#NETAS,#BRSAN,#MPARK,#ANGEN,#IDEAS,#ERSU,#QNBFB,#IDGYO,#ATAGY,#GOODY,#BRKSN,#YESIL https://t.co/oXdqr0bZ7x"
2022-07-29 15:13:19+00:00,ekonomipatronu,"ğŸ“Š #FROTO net kÃ¢rÄ±nÄ± %131, #GARAN %292, #QNBFB %412 artÄ±rdÄ±. 

ğŸ¤ #HDFGS, #YEOTK, #HEDEF ve #DNISI bedelsizleri onaylandÄ±.

ğŸ’µ #SAHOL pay geri alÄ±mÄ± yaptÄ±."
2022-07-29 08:42:00+00:00,hamolka34,"#qnbfb toplam aktifleri 500 milyar olmuÅŸ ama hisse fiyatÄ± yerlerde.  Ä°ki tane manipÃ¼lasyonu hisseyi istediÄŸi gibi gÃ¶mÃ¼yor. Ya da bankanÄ±n kendisi bilemiyoruz. 

@qnbfinansbank
@qnbfbdinliyor https://t.co/gemlM8eVa5"
2022-07-29 07:12:19+00:00,getmidas,"ğŸ“Š #FROTO net kÃ¢rÄ±nÄ± %131, #GARAN %292, #QNBFB %412 artÄ±rdÄ±. 

ğŸ¤ #HDFGS, #YEOTK, #HEDEF ve #DNISI bedelsizleri onaylandÄ±.

ğŸ’µ #SAHOL pay geri alÄ±mÄ± yaptÄ±. 

ğŸ“ˆ #BIST100 gÃ¼ne %0,29 artÄ±ÅŸla 2.550 puandan baÅŸladÄ±.

#BorsaÄ°stanbulâ€™a dair bilmen gerekenler ğŸ‘‡

https://t.co/a2WHSFBbOM"
2022-07-29 06:41:46+00:00,sila_borsasi,"FAKÄ°R BORSACI 

EFSANE GERÄ° DÃ–NDÃœ ğŸ¦¾

EKÄ°PTE YERÄ°NÄ° AL!!

ğŸ¦¾ğŸ¦¾ğŸ¦¾ğŸ¦¾

#PARSN  #PEGYO  #PEKGY  #PENGD  #PENTA  #PETKM  #PETUN  #PGSUS  #PINSU  #PKART  #PKENT  #PNSUT  #POLHO  #POLTK  #PRKAB  #PRKME  #PRZMA  #PSDTC  #QNBFB  #QNBFL  #QPERPF1  #QUAGR

ğŸ‘‡ğŸ‘‡
https://t.co/CQBMMV6iSg
ğŸ‘†ğŸ‘†"
2022-07-29 06:38:04+00:00,iDealDataHaber,"- Garanti BankasÄ±'nÄ±n yÄ±lÄ±n ilk 6 ayÄ±nda, net kÃ¢rÄ±, 21 milyar 181 milyon 23 bin TL oldu
- QNB Finansbank'Ä±n 2022 yÄ±lÄ±nÄ±n ilk altÄ± aylÄ±k dÃ¶neminde net dÃ¶nem kÃ¢rÄ± 7 milyar 616 milyon TL olarak gerÃ§ekleÅŸti
#garan #QNBFB"
2022-07-29 06:30:33+00:00,hissediyoruz,"DÃ¼n bilanÃ§o aÃ§Ä±klayan ÅŸirketler / hisseler

KRGYO
KSTUR
SODSN
QNBFB

Kaynak: @fintables 

#krgyo #kstur #sodsn #qnbfb #borsa #hisse https://t.co/2v1Y0H8NFh"
2022-07-29 06:26:12+00:00,isyatirim,"#AraÅŸtÄ±rma
ğŸ“Œ29.07.2022
ğŸ“ŠAÃ§Ä±klanan KÃ¢r RakamlarÄ±
#ANHYT #FROTO #GARAN #ISGSY #KLNMA #KRGYO  #KSTUR #QNBFB #RYGYO #SODSN #TSGYO #hisse #borsa https://t.co/idlxTa2xkF"
2022-07-28 22:24:30+00:00,LOSTROMO27,"#Qnbfbâ€™de beklendiÄŸi gibi bir bilanÃ§o aÃ§Ä±kladÄ±, ÅŸu anda geride kalan #Garan Oldu, BakalÄ±m DevamÄ± NasÄ±l Gelecek BankalarÄ±n..â“ https://t.co/qsIucZkTml"
2022-07-28 16:59:05+00:00,Kreysus,"#issen balÄ±kesirde ges kurmak iÃ§in 24,8 milyon tlye 304 dÃ¶nÃ¼m tarla aldÄ±. #isgsy 329 bin tl kar+. #qnbfb 7,6 milyar tl kar+. #grnyo #kaplm 1 ay emir paketi tedbiri. #mpark 27 bin lot beri alÄ±m. #kzbgy #Ntgaz 1 ay aÃ§Ä±ÄŸa satÄ±ÅŸ ve kredili iÅŸlem yasaÄŸÄ±. #verus 7720 lot geri alÄ±m."
2022-07-28 16:41:42+00:00,PlusBorsa,"#QNBFB 2022/6 finansal tablolarÄ± aÃ§Ä±klandÄ±.

#borsaplus #borsa #BorsaIstanbul #bist100 https://t.co/zffYgKdY86"
2022-07-28 16:38:02+00:00,fiboo141425,"#EFSANE 

#BRLSM #GUBRF #AKSUE #DOBUR #BEYAZ #BIZIM #QNBFB #MPARK #CMENT #INTEM #FADE #AKENR #ADEL https://t.co/u1rWtEfDnK"
2022-07-28 15:57:10+00:00,hamolka34,#qnbfb hadi buna da hareket etme de gÃ¶relim ğŸ˜… https://t.co/8pPUSLTCqv
2022-07-28 15:55:11+00:00,hamolka34,"BilanÃ§o rekorrrrrrrr

BakalÄ±m hisse fiyatÄ±na yansÄ±masÄ± nasÄ±l olacak? 

#qnbfb 2 yÄ±ldÄ±r dÃ¼ÅŸÃ¼ÅŸ trendinin dibinde. https://t.co/BDDcAPzFai"
2022-07-28 15:53:31+00:00,BorsaAzil,"$QNBFB 2022/6 finansal tablolarÄ± aÃ§Ä±klandÄ±. 

 #QNBFB https://t.co/YR5eblCbpQ"
2022-07-28 15:45:56+00:00,omerozcanborsa,"28.07.2022 BilanÃ§osu aÃ§Ä±klanan ÅŸirketler;
ğŸ“¢#garan
ğŸ“¢#qnbfb
ğŸ“¢#krgyo
ğŸ“¢#rygyo https://t.co/oUyZ9Hl8QK"
2022-07-28 15:32:08+00:00,MatriksB,"QNBFB/Solo:
https://t.co/t1FKV6rdV1 https://t.co/RE3hhJOGl0"
2022-07-28 15:29:23+00:00,parasancom,#QNBFB 2022 YILI 6 AYLIK KONSOLÄ°DE NET KARI 7.615.645.000 TL (2021/6 AYLIK: 1.488.471.000)
2022-07-28 15:28:35+00:00,talip00007,Satmasam iyiymiÅŸ ğŸ«¢ #QNBFB https://t.co/W2d2zqiUWe
2022-07-28 15:28:17+00:00,BorsaAzil,"$QNBFB 2022/6 finansal tablolarÄ± aÃ§Ä±klandÄ±. 

 #QNBFB https://t.co/0o7w7ZTCQ8"
2022-07-28 15:28:08+00:00,KAPHaberler,#qnbfb 2Ã‡2022 net kÃ¢rÄ± 7.615.645.000â‚º
2022-07-28 15:26:23+00:00,regellosenigma,"#FIN, QNBFB QNB FÄ°NANSBANK A.Å.

Haberin DevamÄ±: https://t.co/X1KMtSDZ6k"
2022-07-28 14:42:40+00:00,sirribilgen,"GÃ¼nlÃ¼k trade haftalÄ±k ve orta vade takip hisse analizi iÃ§in grubumuza davetlisiniz
â¤ï¸ğŸ‡¹ğŸ‡·â¤ï¸
https://t.co/V2vxyDm3CX

#NUGYO #OLMIP #OSMEN #PKENT #POLTK #QNBFL #QNBFB #RALYH #RAYSG #RHEAG #RODRG #SANEL #SANFM #SMART #SONME #SNPAM #TKURU #TSGYO #ISATR #KLNMA"
2022-07-28 14:11:55+00:00,hamolka34,"GÃ¶kdelenin mimarisi bu hissenin geleceÄŸi hakkÄ±nda Ã¶ngÃ¶rÃ¼de bulunmuÅŸ olabilir mi? 

#qnbfb #qnbfl @qnbfinansbank @qnbfbdinliyor https://t.co/6jXAfuwwNn"
2022-07-28 06:53:41+00:00,bir_yatirimci,"ÅÄ°RKET HABERLERÄ°
#akbnk #akgrt #akfgy #armda #bascm #konya #bobet #deva #dirit #dohol #fener #garan #gesan #halkb #isctr #isfin #krpls #klnma #obase #qnbfb #tavhl #tatgd #tspor #tskb #vangd #vakbn #ykbnk #arclk #gedik #krvgd #mpark #sanel #sise #ulas #mepet

#xu100 #viop #bist https://t.co/1WkXvVMRH6"
2022-07-28 03:00:46+00:00,Borsamoney6_,"ğŸŸ¢ AYDA EN AZ %30 KAR GARANTÄ°SÄ° 

ğŸ”µ DETAYLI BÄ°LGÄ° Ä°Ã‡Ä°N MESAJ ATINIZ!!!

#jants #vbtyz #ntgaz #qnbfb #dgnmo"
2022-07-27 21:47:28+00:00,AyanKapgan,Anketâ¡ï¸Borsa Ä°stanbulâ¡ï¸Piyasa Ã–ncesi Ä°ÅŸlem Platformu nun gelecek vadeden (yÄ±ldÄ±zÄ±) hissesi hangisidir?  Anket SonuÃ§larÄ±...ğŸ‘‡ÃœÃ§Ã¼ncÃ¼ eÅŸleÅŸmeâ¡ï¸ birincisi  â¡ï¸oylarÄ±n %45.8 alanORMA olmuÅŸtur.ORMA ve QNBFL â¡ï¸2.tura yÃ¼kselmiÅŸtir.#orma #QNBFB #QNBFL  #snpam #hisse #borsa https://t.co/UeCZGA8qHr
2022-07-27 20:38:42+00:00,TraderCaptain2,"Tarama Listesiâ€¦trdrcptnâ€¦
#adese #akenr #avod #ayes #bagfs #cment #cosmo #crdfa #dagi #dirit #dobur #enjsa #etyat #gubrf #fade #isgsy #isyat #ittfh #kaplm #kervn #kervt #klgyo #mmcas #qnbfb #qnbfl #selgd #tknsa #ulas #usdtrf #vangd #vkgyo

#borsa #hisse #tarama #bist https://t.co/VEmV3IpqYN"
2022-07-27 18:26:32+00:00,fiboo141425,"#EFSANE 

#BIZIM #BRLSM #FADE #AKSUE #DOBUR #MPARK #QNBFB #INTEM #IHLAS #CMENT https://t.co/faoErfMxVg"
2022-07-27 18:00:00+00:00,hiakkaya,"Tarama Listesi./Tillson /

#beyaz #cmbtn #eplas #Ä±nveo #Ä±nves #Ä±sbÄ±r #Ä±ttfh #kervn #kervt #msgyo #mtryo #prkab #psgyo #qnbfb #turgg #uluse 

Hesap aÃ§mak iÃ§inğŸ‘‡
https://t.co/mDwngZYCGM

#borsa #binance #bitcoin #dolar"
2022-07-27 16:10:17+00:00,Ramazan38539350,"Borsa, Ekonomi, BÃ¼yÃ¼k Buhran 

Veeeeee

En gÃ¼ncel ekonomi haberleri 

Sadece #cvsbulten de 

#QNBFB #QNBFL #QUAGR https://t.co/2x8rzaGvAV"
2022-07-27 14:32:36+00:00,SelinDY_Borsa,"#QNBFB ğŸš€ğŸš€ 

SÃ¼rekli iÅŸlem olmadÄ±ÄŸÄ± iÃ§in sadece seyrediyorum ğŸ‘Œ https://t.co/6XBK0MMkD6"
2022-07-27 09:42:34+00:00,hamolka34,"Bu grafiÄŸe iyi bakÄ±n ama kimseye sÃ¶ylemeyin ğŸ˜‡

#qnbfb #qnbfl

Hareket yaklaÅŸÄ±yor tahminim ve asÄ±l hareketi zirveyi geÃ§tikten sonra yapabilir potansiyeli var. https://t.co/tmcniiwfKT"
2022-07-27 07:59:41+00:00,hibyanewsagency,"QNB Finasbank'Ä±n Fitch Ratings tarafÄ±ndan aÃ§Ä±klanan kredi derecelendirme notlarÄ± 
https://t.co/bwIFysz9Se

#BIST100Sirketler #bist100 #bist #BORSA 
#Ã‡arÅŸamba #FIN #QNBFB"
2022-07-27 07:49:49+00:00,sila_borsasi,"FAKÄ°R BORSACI 

EFSANE GERÄ° DÃ–NDÃœ ğŸ¦¾

EKÄ°PTE YERÄ°NÄ° AL!!

ğŸ¦¾ğŸ¦¾ğŸ¦¾ğŸ¦¾

#PARSN  #PEGYO  #PEKGY  #PENGD  #PENTA  #PETKM  #PETUN  #PGSUS  #PINSU  #PKART  #PKENT  #PNSUT  #POLHO  #POLTK  #PRKAB  #PRKME  #PRZMA  #PSDTC  #QNBFB  #QNBFL  #QPERPF1  #QUAGR

ğŸ‘‡ğŸ‘‡
https://t.co/CQBMMV6iSg"
2022-07-27 07:43:39+00:00,Borsamoney7_,"ğŸŸ¢ AYDA EN AZ %30 KAR GARANTÄ°SÄ° 

ğŸ”µ DETAYLI BÄ°LGÄ° Ä°Ã‡Ä°N MESAJ ATINIZ!!!

ğŸŸ¡ Ä°LETÄ°ÅÄ°M  HESABI â¡ï¸ @B0RSAM0NEY 

 #hubvc #hurgz #iheva #isyat #iztar #kront 

#jants #vbtyz #ntgaz #qnbfb #dgnmo #obase

 #kutpo  #selec #alka #pkart #hedef  #basgz #alcar"
2022-07-27 07:20:14+00:00,PresenTeam,"#OBASE.HE - Åirket paylarÄ±nÄ±n halka arzÄ±nda talepler Borsaâ€™da SatÄ±ÅŸ YÃ¶ntemi ile 28 - 29 Temmuzâ€™da toplanacak.

#QNBFB - 367 gÃ¼n vadeli 22,2 milyon sterlin tutarÄ±nda borÃ§lanma aracÄ± ihraÃ§ edildi.

#SAFKR - Ä°zmir Menemenâ€™e ÅŸube kurulmasÄ± iÃ§in SPKâ€™ya baÅŸvuru yapÄ±lmasÄ±na karar verild"
2022-07-27 06:40:56+00:00,regellosenigma,"#FIN, QNBFB QNB FÄ°NANSBANK A.Å.
                                Fitch Ratings TarafÄ±ndan AÃ§Ä±klanan Kredi Derecelendirme NotlarÄ± Hk.                            
Haberin DevamÄ±: https://t.co/QzQRGTYKlD"
2022-07-27 06:29:16+00:00,bir_yatirimci,"ÅÄ°RKET HABERLERÄ°
#arclk #asuzu #angen #btcim #bsoke #cusan #cante #etilr #froto #gesan #ieyho #isfin #intem #kontr #krpls #kartn #klrho #manas #obase #qnbfb #safkr #toaso #yeotk #alark #atagy #brko #ihlas #krvgd #mpark #sahol #sise #izfas #osmen #lider

#xu100 #viop #bist
ğŸ™ğŸ½ğŸ™‹ğŸ½â€â™‚ï¸ https://t.co/w91MNwTyzs"
2022-07-26 21:00:58+00:00,AyanKapgan,Anketâ¡ï¸Borsa Ä°stanbulâ¡ï¸Piyasa Ã–ncesi Ä°ÅŸlem Platformunun gelecek vadeden (yÄ±ldÄ±zÄ±) hissesi hangisidir? Not:Ankete tÃ¼m ÅŸirketler dahil olacaktÄ±r.1.turâ¡ï¸Ã¼Ã§Ã¼ncÃ¼ eÅŸleÅŸme aÅŸaÄŸÄ±daki gibidir.ğŸ‘‡SonuÃ§lar paylaÅŸÄ±lacaktÄ±r.KatÄ±lÄ±miÃ§in teÅŸekkÃ¼rler.ğŸ‘ğŸ™‚ #orma #Qnbfb #Qnbfl  #snpam #hisse #borsa
2022-07-26 15:51:10+00:00,Borsamoney7_,"ğŸŸ¢ AYDA EN AZ %30 KAR GARANTÄ°SÄ° 

ğŸ”µ DETAYLI BÄ°LGÄ° Ä°Ã‡Ä°N MESAJ ATINIZ!!!

ğŸŸ¡ Ä°LETÄ°ÅÄ°M  HESABI â¡ï¸ @B0RSAM0NEY 

 #hubvc #hurgz #iheva #isyat #iztar #kront 

#jants #vbtyz #ntgaz #qnbfb #dgnmo #obase

 #kutpo  #selec #alka #pkart #hedef  #basgz #alcar"
2022-07-26 14:05:24+00:00,BorsaKu94197811,"FAKÄ°R BORSACI

BÄ°LGÄ°YE YAPILAN YATIRIM EN Ä°YÄ° YATIRIMDIR.

ğŸ¦¾ğŸ¦¾ğŸ¦¾ğŸ¦¾ğŸ¦¾

#PARSN  #PEGYO  #PEKGY  #PENGD  #PENTA  #PETKM  #PETUN  #PGSUS  #PINSU  #PKART  #PKENT  #PNSUT  #POLHO  #POLTK  #PRKAB  #PRKME  #PRZMA  #PSDTC  #QNBFB  #QNBFL  #QPERPF1  
ğŸ‘‡
https://t.co/E1K2FiVwDY"
2022-07-26 11:02:54+00:00,BorsaKu94197811,"FAKÄ°R BORSACI 

EFSANE GERÄ° DÃ–NDÃœ ğŸ¦¾

EKÄ°PTE YERÄ°NÄ° AL!!

ğŸ¦¾ğŸ¦¾ğŸ¦¾ğŸ¦¾

#PARSN  #PEGYO  #PEKGY  #PENGD  #PENTA  #PETKM  #PETUN  #PGSUS  #PINSU  #PKART  #PKENT  #PNSUT  #POLHO  #POLTK  #PRKAB  #PRKME  #PRZMA  #PSDTC  #QNBFB  #QNBFL  

ğŸ‘‡ğŸ‘‡
https://t.co/E1K2FiVwDY
ğŸ‘†"
2022-07-26 07:08:29+00:00,PresenTeam,"#QNBFB -95 gÃ¼n vadeli 798,2 milyon TL tutarÄ±nda bono ihraÃ§ edildi. Yurt dÄ±ÅŸÄ±nda 91 gÃ¼n vadeli 20,3 milyon sterlin tutarÄ±nda bono ihraÃ§ edildi.

#PNSUT - 500 milyon TLâ€™ye kadar borÃ§lanma aracÄ± ihraÃ§ edilmesine karar verildiÄŸi aÃ§Ä±klandÄ±."
2022-07-26 06:31:05+00:00,sila_borsasi,"FAKÄ°R BORSACI 

EFSANE GERÄ° DÃ–NDÃœ ğŸ¦¾

EKÄ°PTE YERÄ°NÄ° AL!!

ğŸ¦¾ğŸ¦¾ğŸ¦¾ğŸ¦¾

#PARSN  #PEGYO  #PEKGY  #PENGD  #PENTA  #PETKM  #PETUN  #PGSUS  #PINSU  #PKART  #PKENT  #PNSUT  #POLHO  #POLTK  #PRKAB  #PRKME  #PRZMA  #PSDTC  #QNBFB  #QNBFL  #QPERPF1  #QUAGR

ğŸ‘‡ğŸ‘‡
https://t.co/CQBMMV6iSg
ğŸ‘†"
2022-07-26 06:26:31+00:00,bir_yatirimci,"ÅÄ°RKET HABERLERÄ°
#ansgr #avhol #bayrk #euren #edata #hedef #ideas #info #hekts #gesan #golts #cment #krpls #klsyn #manas #obase #qnbfb #pnsut #rheag #rnpol #rygyo #sanel #sise #unlu #albrk #bobet #brko #dobur #gedik #inveo #krvgd #pnlsn #mpark #ozrdn #skbnk #verus
#xu100 #viop ğŸ™‹ğŸ½â€â™‚ï¸ https://t.co/gnu20NgMbA"
2022-07-25 17:11:25+00:00,Ramazan38539350,"ğŸ‘‰Bizim dostumuzu parasÄ±nÄ±n rakamÄ±na yada miktarÄ±na gÃ¶re seÃ§miyoruz. 
âœ…Bizim sevdamÄ±z bir varâœ… 
#Ã‡Ã–H
#QNBFB #QNBFL #QUAGR https://t.co/AHjWmjbjFj"
2022-07-25 10:29:54+00:00,PlusBorsa,"#QNBFB â€“ 77 gÃ¼n vadeli 798,4 milyon TL tutarÄ±nda bono ihraÃ§ edildi.

#RTALB â€“ VBTS kapsamÄ±nda ÅŸirket paylarÄ±na 24 AÄŸustosâ€™a kadar aÃ§Ä±ÄŸa satÄ±ÅŸ ve kredili iÅŸlem yasaÄŸÄ± getirildi.

#borsaplus #borsa #BorsaIstanbul #bist100"
2022-07-25 07:08:36+00:00,BorsaKu94197811,"FAKÄ°R BORSACI 

EFSANE GERÄ° DÃ–NDÃœ ğŸ¦¾

EKÄ°PTE YERÄ°NÄ° AL!!

ğŸ¦¾ğŸ¦¾ğŸ¦¾ğŸ¦¾

#PARSN  #PEGYO  #PEKGY  #PENGD  #PENTA  #PETKM  #PETUN  #PGSUS  #PINSU  #PKART  #PKENT  #PNSUT  #POLHO  #POLTK  #PRKAB  #PRKME  #PRZMA  #PSDTC  #QNBFB  #QNBFL  

ğŸ‘‡ğŸ‘‡
https://t.co/E1K2FiVwDY
ğŸ‘†"
2022-07-25 07:02:54+00:00,PresenTeam,"#OBASE.HE â€“ Åirket paylarÄ±nÄ±n halka arzÄ±nda talepler Borsaâ€™da SatÄ±ÅŸ YÃ¶ntemi ile 28 â€“ 29 Temmuzâ€™da toplanacak.

#QNBFB â€“ 77 gÃ¼n vadeli 798,4 milyon TL tutarÄ±nda bono ihraÃ§ edildi."
2022-07-25 07:01:30+00:00,silamin_Kalemi,"FAKÄ°R BORSACI 

EFSANE GERÄ° DÃ–NDÃœ ğŸ¦¾

EKÄ°PTE YERÄ°NÄ° AL!!

ğŸ¦¾ğŸ¦¾ğŸ¦¾ğŸ¦¾

#PARSN  #PEGYO  #PEKGY  #PENGD  #PENTA  #PETKM  #PETUN  #PGSUS  #PINSU  #PKART  #PKENT  #PNSUT  #POLHO  #POLTK  #PRKAB  #PRKME  #PRZMA  #PSDTC  #QNBFB  #QNBFL  #QPERPF1  #QUAGR

ğŸ‘‡ğŸ‘‡
https://t.co/N3gYY560Qw
ğŸ‘†ğŸ‘†"
2022-07-25 06:55:17+00:00,bir_yatirimci,"ÅÄ°RKET HABERLERÄ°
#bjkas #cimsa #dobur #ekgyo #emkel #emnis #eplas #halkb #hlgyo #indes #kaplm #kgyo #msgyo #obase #ozrdn #qnbfb #rtalb #tspor #safkr #vakbn #ykbnk #bobet #formt #gedik #mpark #prkme #izfas #tcell #osmen #lider
#xu100 #viop #bist
Bol bereketli bir hafta dilerimğŸ™ğŸ½ğŸ™‹ğŸ½â€â™‚ï¸ https://t.co/vBkk0YinwO"
2022-07-25 06:50:14+00:00,mstfzdmr0102,"HaftanÄ±n Listesi 
#Toaso
#Arclk
#Klgyo
#Oyakc
#Garan
YatÄ±rÄ±m Tavsiyesi DeÄŸildir.
Takipte KalÄ±nğŸ˜‰
#PiyasaRehberi #BorsacÄ±Adam
#Xu100 #Dolar  #Halkb #Thyao #Garan #Asels #Flap #Cemas #Adese #Pgsus #Ittfh #Krstl #Zoren #Odas #Oyayo #Denge #Qnbfb #Icbct #Snkron #Aghol"
2022-07-25 06:23:45+00:00,BorsaAzil,"#QNBFB â€“ 77 gÃ¼n vadeli 798,4 milyon TL tutarÄ±nda bono ihraÃ§ edildi.

#RTALB â€“ VBTS kapsamÄ±nda ÅŸirket paylarÄ±na 24 AÄŸustosâ€™a kadar aÃ§Ä±ÄŸa satÄ±ÅŸ ve kredili iÅŸlem yasaÄŸÄ± getirildi."
2022-07-22 19:31:32+00:00,hibyanewsagency,"BorÃ§lanma araÃ§larÄ±nÄ±n / kira sertifikalarÄ±nÄ±n iÅŸlem gÃ¶rmeye baÅŸlamasÄ±
https://t.co/sLowJdKMvX
#BIST100Sirketler #bist100 #bist #BORSA 
#Cuma #PBTR #QNBFB #VAKBN #ERGLI #ALNUS #YKBNK"
2022-07-22 19:31:28+00:00,hibyahaberajans,"BorÃ§lanma araÃ§larÄ±nÄ±n / kira sertifikalarÄ±nÄ±n iÅŸlem gÃ¶rmeye baÅŸlamasÄ±
https://t.co/26BRUAR5ot
#BIST100Sirketler #bist100 #bist #BORSA 
#Cuma #PBTR #QNBFB #VAKBN #ERGLI #ALNUS #YKBNK"
2022-07-22 14:25:52+00:00,BorsaKu94197811,"Ä°SÄ°MSÄ°Z BORSACI 

MEKANIN SAHÄ°BÄ° GELDÄ°ğŸ˜‰

Ä°ZLE VE GÃ–R!!

ğŸ¦¾ğŸ¦¾ğŸ¦¾ğŸ¦¾ğŸ¦¾ğŸ¦¾ğŸ¦¾
#PARSN  #PEGYO  #PEKGY  #PENGD  #PENTA  #PETKM  #PETUN  #PGSUS  #PINSU  #PKART  #PKENT  #PNSUT  #POLHO  #POLTK  #PRKAB  #PRKME  #PRZMA  #PSDTC  #QNBFB  #QNBFL  #QPERPF1  #QUAGR
ğŸ‘‡ğŸ‘‡
https://t.co/zWo4IyuW3W
ğŸ‘†"
2022-07-22 11:28:11+00:00,sila_borsasi,"Ä°SÄ°MSÄ°Z BORSACI 

MEKANIN SAHÄ°BÄ° GELDÄ°ğŸ˜‰

Ä°ZLE VE GÃ–R!!

ğŸ¦¾ğŸ¦¾ğŸ¦¾ğŸ¦¾ğŸ¦¾ğŸ¦¾ğŸ¦¾

#PARSN  #PEGYO  #PEKGY  #PENGD  #PENTA  #PETKM  #PETUN  #PGSUS  #PINSU  #PKART  #PKENT  #PNSUT  #POLHO  #POLTK  #PRKAB  #PRKME  #PRZMA  #PSDTC  #QNBFB  #QNBFL  #QPERPF1  #QUAGR
ğŸ‘‡ğŸ‘‡
https://t.co/b11tjepNtH"
2022-07-22 06:55:56+00:00,PresenTeam,"#QNBFB - BankanÄ±n EBRD ile kadÄ±n giriÅŸimcilere destek programÄ± kapsamÄ±nda Ã¼Ã§Ã¼ncÃ¼ kredi anlaÅŸmasÄ±nÄ± imzaladÄ±ÄŸÄ± aÃ§Ä±klandÄ±.

#PNSUT - 82 gÃ¼n vadeli 150 milyon TL tutarÄ±nda bono ihraÃ§ edildi."
2022-07-22 06:46:39+00:00,hislerimbosluk,"@remzi_ozdemir AynÄ± dÃ¼men #qnbfb de dÃ¶ndÃ¼. 
3 yÄ±l olacak maÄŸdur bekliyoruz.
@spkgovtr bizi de gÃ¶r."
2022-07-22 06:17:15+00:00,hibyahaberajans,"Åirket haberleri
https://t.co/Ke79P479SG
#AKGRT
#ANHYT 
#CUSAN 
#DAPGM
#DESA 
#DOHOL 
#EKGYO 
#FENER 
#GSRAY
#IEYHO 
#INVEO 
#KNFRT 
#KRVGD 
#KRPLS 
#MTRKS 
#OZRDN 
#QNBFB 
#PNSUT 
#TURSG 
#TIRE 
#SEGYO 
#YKBNK"
2022-07-22 06:17:10+00:00,hibyanewsagency,"Åirket haberleri
https://t.co/lGYERrTmTi
#AKGRT
#ANHYT 
#CUSAN 
#DAPGM
#DESA 
#DOHOL 
#EKGYO 
#FENER 
#GSRAY
#IEYHO 
#INVEO 
#KNFRT 
#KRVGD 
#KRPLS 
#MTRKS 
#OZRDN 
#QNBFB 
#PNSUT 
#TURSG 
#TIRE 
#SEGYO 
#YKBNK"
2022-07-22 06:09:27+00:00,hissesinyalapp,#QNBFB â€“ BankanÄ±n EBRD ileÂ kadÄ±n giriÅŸimcilere destek programÄ± kapsamÄ±nda Ã¼Ã§Ã¼ncÃ¼ kredi anlaÅŸmasÄ±nÄ± imzaladÄ±ÄŸÄ± aÃ§Ä±klandÄ±.
2022-07-22 05:49:54+00:00,haberborsa,#QNBFB â€“ BankanÄ±n EBRD ileÂ kadÄ±n giriÅŸimcilere destek programÄ± kapsamÄ±nda Ã¼Ã§Ã¼ncÃ¼ kredi anlaÅŸmasÄ±nÄ± imzaladÄ±ÄŸÄ± aÃ§Ä±klandÄ±.
2022-07-21 21:22:31+00:00,Zacriypto,"â¡ QNB Finansbank kadÄ±n giriÅŸimcilere destek programÄ± aÃ§Ä±kladÄ±.

â¡ Ã‡uhadaroÄŸlu Metal Erbil'deki inÅŸaat projesi iÃ§in tedarik anlaÅŸmasÄ± yaptÄ±.

â¡ TÃ¼rkiye Sigorta'nÄ±n brÃ¼t prim Ã¼retimi 11 milyar 246 milyon TL'ye ulaÅŸtÄ±.

 #QNBFB #CUSAN #TURSG #BorsaIstanbul #BORSA #bist100"
2022-07-21 20:17:24+00:00,apara_tv,"Åirket Haberleriâ¤µâ¤µ

â¡ QNB Finansbank kadÄ±n giriÅŸimcilere destek programÄ± aÃ§Ä±kladÄ±
â¡ Ã‡uhadaroÄŸlu Metal Erbil'deki inÅŸaat projesi iÃ§in tedarik anlaÅŸmasÄ± yaptÄ±
â¡ TÃ¼rkiye Sigorta'nÄ±n brÃ¼t prim Ã¼retimi 11 milyar 246 milyon TL'ye ulaÅŸtÄ±

@BoraBalar #QNBFB #CUSAN #TURSG #Analiz https://t.co/SP6zkTDn76"
2022-07-21 17:12:05+00:00,Kreysus,#qnbfb Avrupa imar ve kalkÄ±nma bankasÄ±yla kadÄ±n giriÅŸimcilere kullandÄ±rÄ±lmak Ã¼zere 50 milyon dolarlÄ±k kredi anlaÅŸmasÄ±. #aksgy caddebostan inÅŸaat deÄŸerlemesi. #blcyt yeni sermaye tescil edildi.
2022-07-20 18:49:44+00:00,Aligktug2601,"Orta vade kazanÃ§ elde etmek ve tavan serilerine katÄ±lmak iÃ§in takip edin

https://t.co/PAE0FBFGCM

https://t.co/cnnI0GW3cC

#PAPIL #PARSN #PEGYO #PEKGY #PENGD #PETKM #PETUN #PGSUS #PINSU #PKART #PKENT #PNSUT #POLHO #POLTK #PRKAB #PRKME #PRZMA #PSDTC #QNBFB #RALYH"
2022-07-20 16:05:25+00:00,muhammed_iikbal,"yine saÄŸlam kaynak
#QNBFB #QNBFL #QUAGR  #RAYSG #RHEAG #Ã‡Ã–H https://t.co/CeM41qtBml"
2022-07-20 16:04:36+00:00,muhammed_iikbal,"yine sayende  ekonomi ve borsa da neler olur gÃ¶receÄŸiz 
komutanÄ±m
eline emeÄŸine saÄŸlÄ±k 
#QNBFB #QNBFL #QUAGR  #RAYSG #RHEAG #Ã‡Ã–H https://t.co/CeM41qLcdT"
2022-07-20 16:03:13+00:00,muhammed_iikbal,"yine sayende  ekonomi ve borsa da neler olur gÃ¶receÄŸiz 
komutanÄ±m
eline emeÄŸine saÄŸlÄ±k 
#QNBFB #QNBFL #QUAGR  #RAYSG #RHEAG https://t.co/CeM41qtBml"
2022-07-20 16:02:52+00:00,muhammed_iikbal,"@garibantrader yine sayende  ekonomi ve borsa da neler olur gÃ¶receÄŸiz 
komutanÄ±m
eline emeÄŸine saÄŸlÄ±k 
#QNBFB #QNBFL #QUAGR  #RAYSG #RHEAG"
2022-07-20 10:06:37+00:00,portfoykaygusuz,"TRADE GRUBUMUZ %22 Ä°LE KAZANDIRMAYA DEVAM EDÄ°YOR

HEMEN SENDE ARAMIZA KATIL!
.
Ä°LETÄ°ÅÄ°M : https://t.co/EfdLsExhyS
.
#sktas #skbnk #sise #silvr #selgd #selec #sekur #sekfk #sayas #sasa #sanko #sanfm #sanel #samat #sahol #safkr #rysas #rygyo #rtalb #rheag #raysg #ralyh #qnbfb https://t.co/pNCIWuuhIC"
2022-07-20 08:30:05+00:00,nukketyesil,"HERKES KONUÅUR

CESUR BORSA YAPARğŸ’ªğŸ’ªğŸ’ª

#KLSYN #SKTAS #HDFGD #EUKYO #AYCES #QNBFB #GEREL #ARDYZ #KRONT #CMENT #AVTUR #CRFSA #YATAS #ITTFH #YAPRK #KRVGD
ğŸ‘‡âš¡ğŸ‘‡âš¡ğŸ‘‡âš¡ğŸ‘‡âš¡ğŸ‘‡âš¡ğŸ‘‡
https://t.co/9Pp2V02DiQ
ğŸ‘†âš¡ğŸ‘†âš¡ğŸ‘†âš¡ğŸ‘†âš¡ğŸ‘†âš¡ğŸ‘† https://t.co/XT1GGseobu"
2022-07-20 07:05:11+00:00,PresenTeam,"#TUKAS - Ziraat BankasÄ±â€™na NiÄŸdeâ€™de OSBâ€™deki fabrikanÄ±n bina ve arsasÄ± Ã¼zerine 800 milyon TLâ€™lik 1. derecede ipotek tesis edilmesine, QNBFBâ€™ye BalÄ±kesirâ€™de bulunan fabrikanÄ±n bina, arsa ve arazileri Ã¼zerine 300 milyon TL tutarÄ±nda 1. derecede ipotek tesis edilmesine karar verildi"
2022-07-20 06:34:45+00:00,BorsaKesif,"#TUKAS Ziraat BankasÄ±â€™na NiÄŸdeâ€™de OSBâ€™deki fabrikanÄ±n bina ve arsasÄ±Â Ã¼zerine 800 milyon TLâ€™lik 1.derecede ipotekÂ tesis edilmesine, QNBFBâ€™ye BalÄ±kesirâ€™de bulunan fabrikanÄ±n bina, arsa ve arazileri Ã¼zerine 300 milyon TL tutarÄ±nda 1.derecede ipotek tesisÂ edilmesine karar  aÃ§Ä±klandÄ±"
2022-07-20 05:59:46+00:00,Orhan_snsoy,"#TUKAS - Ziraat BankasÄ±â€™na NiÄŸdeâ€™de OSBâ€™deki fabrikanÄ±n bina ve arsasÄ± Ã¼zerine 800 milyon TLâ€™lik 1. derecede ipotek tesis edilmesine, QNBFBâ€™ye BalÄ±kesirâ€™de bulunan fabrikanÄ±n bina, arsa ve arazileri Ã¼zerine 300 milyon TL tutarÄ±nda 1. derecede ipotek tesis edilmesine+"
2022-07-19 16:59:19+00:00,Mercede13604098,#adese #nugyo #armda #olmÄ±p #atlas #osmen #avgyo #ozrdn #avhol #pkent #ayces #poltk #banvt #qnbfb #brmen #qnbfl #burva #ralyh #cment #raysg #crfsa #rheag #dggyo #rodrg #dobur #sanel #dokta #sanfm #emkel #smart #bist100 #bist30 #BÄ°ST50 #tgsas #PEGYO #hisse tam 12 den ğŸ™‚ğŸ™‚ğŸ™‚ https://t.co/lSBcCwvFrj
2022-07-19 16:53:49+00:00,BJKCoccinella,"SEANSLIK PUANLAMALAR
#YATAS,#VBTYZ,#QNBFB,#KIMMR,#IHYAY,#HEDEF,#GRSEL,#YKSLN,#YGYO,#MRSHL,#MTRYO,#IHGZT,#AKFGY,#FLAP,#MANAS,#ZGOLDF,#ISYAT,#DZGYO,#KSTUR https://t.co/lnirtc9nP5"
2022-07-19 13:38:56+00:00,BorsaKu94197811,"FAKÄ°R BORSACI 

MEKANIN SAHÄ°BÄ° GELDÄ°ğŸ˜‰

Ä°ZLE VE GÃ–R!!

ğŸ¦¾ğŸ¦¾ğŸ¦¾ğŸ¦¾ğŸ¦¾ğŸ¦¾ğŸ¦¾

#PARSN  #PEGYO  #PEKGY  #PENGD  #PENTA  #PETKM  #PETUN  #PGSUS  #PINSU  #PKART  #PKENT  #PNSUT  #POLHO  #POLTK  #PRKAB  #PRKME  #PRZMA  #PSDTC  #QNBFB  #QNBFL  #QPERPF1  #QUAGR
ğŸ‘‡ğŸ‘‡
https://t.co/E1K2FiVwDY
ğŸ‘†"
2022-07-19 10:09:28+00:00,nukketyesil,"HERKES KONUÅUR

CESUR BORSA YAPARğŸ’ªğŸ’ªğŸ’ª

#KLSYN #SKTAS #HDFGD #THYAO #AYCES #QNBFB #GEREL #ARDYZ #KRONT #CMENT #AVTUR #CRFSA #YATAS #ITTFH #YAPRK #KRVGD
ğŸ‘‡âš¡ğŸ‘‡âš¡ğŸ‘‡âš¡ğŸ‘‡âš¡ğŸ‘‡âš¡ğŸ‘‡
https://t.co/9Pp2V02DiQ
ğŸ‘†âš¡ğŸ‘†âš¡ğŸ‘†âš¡ğŸ‘†âš¡ğŸ‘†âš¡ğŸ‘† https://t.co/fFK7yDg3MR"
2022-07-19 08:45:17+00:00,Aligktug2601,"Orta vade kazanÃ§ elde etmek ve tavan serilerine katÄ±lmak iÃ§in takip edin

https://t.co/PAE0FBFGCM

https://t.co/cnnI0GW3cC

#PAPIL #PARSN #PEGYO #PEKGY #PENGD #PETKM #PETUN #PGSUS #PINSU #PKART #PKENT #PNSUT #POLHO #POLTK #PRKAB #PRKME #PRZMA #PSDTC #QNBFB #RALYH"
2022-07-19 06:18:51+00:00,SelinDY_Borsa,"YazÄ±lan hisselere baktÄ±m ÅŸÃ¶yle bi 

#SISE  #TUPRS #EREGL #ISCTR #AKBNK #TKFEN #AKSEN gibi aÄŸÄ±r abiler .. 

Bi de dÃ¶nÃ¼p kendi yazdÄ±klarÄ±ma baktÄ±m 
 
#ODAS 
#KERVT 
#GOLTS 
#ERSU 
#EDÄ°P 
#QNBFB ... ğŸ™ˆ

Uzaktan bakÄ±nca kendi topuÄŸuma sÄ±kmÄ±ÅŸÄ±m gibi gÃ¶rÃ¼nÃ¼yor ğŸ˜‚"
2022-07-19 06:14:51+00:00,izci_20,"#Qnbfb kÄ±sada dÃ¼ÅŸen kÄ±rÄ±ldÄ± 
#bagfs guzel olacagÄ±nÄ± dÃ¼ÅŸÃ¼nÃ¼yorum"
2022-07-19 06:12:00+00:00,hissediyoruz,"Borsada dÃ¼n kapanÄ±ÅŸla birlikte Marubozu yapan 5 HÄ°SSE:

QNBFB (38.05 direnÃ§, 35.98 destek)
OTKAR (429 destek)
BAGFS (19.30 hedef, 15.91 destek)
DYOBY
GLRYH

12 hisseden, nispeten daha iyi gÃ¶stergelerde olan hisseleri yayÄ±nladÄ±m!

#qnbfb #otkar #bagfs #dyoby #glryh #borsa #hisse"
2022-07-18 21:25:38+00:00,balikci_ridvan,"#OZRDN
#GLRYH
#QNBFB
#GEREL
#MOBTL
#ERSU
#BAGFS
#DESA
#TEKTU
grafikleri ve stop direnÃ§ vb paylaÅŸtÄ±m. kÄ±sa trade iÃ§in yapÄ±lmÄ±ÅŸ Ã§alÄ±ÅŸmalar olup yatÄ±rÄ±m tavsiyesi deÄŸildir. lÃ¼tfen kendi deÄŸerlendirmelerinizi yapÄ±nÄ±z..."
2022-07-18 21:17:30+00:00,balikci_ridvan,"3- #QNBFB 37.26 - 38.04 38.76 direnÃ§ler, 35,18 altÄ± stop artÄ±k https://t.co/geJGu3yzVd"
2022-07-18 18:59:47+00:00,Bozoklar44,"#Qnbfb
Ana  direnÃ§ kÄ±rmÄ±ÅŸ kendisini gÃ¼venli bÃ¶lgeye atmayÄ± baÅŸarmÄ±ÅŸ 
DÃ¼ÅŸen kÄ±rÄ±lmÄ±ÅŸ 
Son mum gayet baÅŸarÄ±lÄ± https://t.co/GGHIrOGxcY"
2022-07-18 15:22:02+00:00,SelinDY_Borsa,#QNBFB %5 artÄ± .. Kendini #TUPRS zannetti zaar ğŸ™ˆ
2022-07-18 10:41:59+00:00,cemseverler,"BÄ°LGÄ°YE YAPILAN YATIRIM EN Ä°YÄ° YATIRIMDIR.

ğŸ¦¾ğŸ¦¾ğŸ¦¾ğŸ¦¾ğŸ¦¾ğŸ¦¾ğŸ¦¾ğŸ¦¾ğŸ¦¾ğŸ¦¾

#KLSYN #ANELE #BJKAS  #KÄ°MMR #HDFGS #KLYSN  #PETUN  #PGSUS  #PINSU  #PKART  #PKENT  #PNSUT  #POLHO  #POLTK  #PRKAB  #PRKME  #PRZMA  #PSDTC  #QNBFB  #QNBFL  #QUAGR
ğŸ‘‡ğŸ‘‡ğŸ‘‡ğŸ‘‡ğŸ‘‡ğŸ‘‡ğŸ‘‡ğŸ‘‡ğŸ‘‡ğŸ‘‡ğŸ‘‡
https://t.co/aUa9OhbfAz https://t.co/7GdKHAMmCL"
2022-07-18 10:41:32+00:00,cemseverler,"BÄ°LGÄ°YE YAPILAN YATIRIM EN Ä°YÄ° YATIRIMDIR.

ğŸ¦¾ğŸ¦¾ğŸ¦¾ğŸ¦¾ğŸ¦¾ğŸ¦¾ğŸ¦¾ğŸ¦¾ğŸ¦¾ğŸ¦¾

#KÄ°MMR #ANELE #BJKAS  #KLSYN  #HDFGS #KLYSN  #PETUN  #PGSUS  #PINSU  #PKART  #PKENT  #PNSUT  #POLHO  #POLTK  #PRKAB  #PRKME  #PRZMA  #PSDTC  #QNBFB  #QNBFL  #QUAGR
ğŸ‘‡ğŸ‘‡ğŸ‘‡ğŸ‘‡ğŸ‘‡ğŸ‘‡ğŸ‘‡ğŸ‘‡ğŸ‘‡ğŸ‘‡ğŸ‘‡
https://t.co/aUa9OhbfAz https://t.co/VKzz5seRC3"
2022-07-18 09:40:13+00:00,nukketyesil,"HERKES KONUÅUR

CESUR BORSA YAPARğŸ’ªğŸ’ªğŸ’ª

#KLSYN #SKTAS #HDFGD #EUKYO #AYCES #QNBFB #GEREL #ARDYZ #KRONT #CMENT #AVTUR #CRFSA #YATAS #ITTFH #YAPRK #KRVGD
ğŸ‘‡âš¡ğŸ‘‡âš¡ğŸ‘‡âš¡ğŸ‘‡âš¡ğŸ‘‡âš¡ğŸ‘‡
https://t.co/9Pp2V02DiQ
ğŸ‘†âš¡ğŸ‘†âš¡ğŸ‘†âš¡ğŸ‘†âš¡ğŸ‘†âš¡ğŸ‘† https://t.co/AMWIPHgbRH"
2022-07-18 09:35:30+00:00,cemseverler,"HERKES KONUÅUR

CESUR BORSA YAPARğŸ’ªğŸ’ªğŸ’ª

#KLSYN #SKTAS #HDFGD #EUKYO #AYCES #QNBFB #GEREL #ARDYZ #KRONT #CMENT #AVTUR #CRFSA #YATAS #ITTFH #YAPRK #KRVGD
ğŸ‘‡âš¡ğŸ‘‡âš¡ğŸ‘‡âš¡ğŸ‘‡âš¡ğŸ‘‡âš¡ğŸ‘‡
https://t.co/aUa9OhbfAz
ğŸ‘†âš¡ğŸ‘†âš¡ğŸ‘†âš¡ğŸ‘†âš¡ğŸ‘†âš¡ğŸ‘† https://t.co/3XoaYSi9Cq"
2022-07-17 20:16:22+00:00,PiyasaRehberim,"HaftanÄ±n Listesi 

#Hekts

#Tavhl

#Oyakc

#Kutpo

#Eregl

YatÄ±rÄ±m Tavsiyesi DeÄŸildir...

Takipte KalÄ±nğŸ˜‰

#PiyasaRehberi #BorsacÄ±Adam

#Xu100 #Dolar  #Halkb #Thyao #Garan #Asels #Flap #Cemas #Adese #Pgsus #Ittfh #Krstl #Zoren #Odas #Oyayo #Denge #Qnbfb #Icbct #Snkron #Aghol"
2022-07-17 18:47:33+00:00,Aligktug2601,"Orta vade kazanÃ§ elde etmek ve tavan serilerine katÄ±lmak iÃ§in takip edin

https://t.co/PAE0FBFGCM

https://t.co/cnnI0GW3cC

#PAPIL #PARSN #PEGYO #PEKGY #PENGD #PETKM #PETUN #PGSUS #PINSU #PKART #PKENT #PNSUT #POLHO #POLTK #PRKAB #PRKME #PRZMA #PSDTC #QNBFB #RALYH"
2022-07-14 08:58:04+00:00,hamolka34,@Engerek55048451 Borsa bir hayaldir dostum #qnbfb
2022-07-13 19:40:43+00:00,hancngzhan,@bistesin #bistesin #qnbfb
2022-07-12 21:33:06+00:00,06hell06,"DESTEK VE DÄ°RENÃ‡
#PRKAB DESTEK 23.00 DÄ°RENÃ‡ 28.96
#PRKME DESTEK 6.31 DÄ°RENÃ‡ 6.73
#PRZMA DESTEK 3.19 DÄ°RENÃ‡ 3.41
#PSDTC DESTEK 23.00 DÄ°RENÃ‡ 24.48
#PSGYO DESTEK 8.86 DÄ°RENÃ‡ 10.54
#QNBFB DESTEK 35.38 DÄ°RENÃ‡ 37.44
YTD
SAYFAMI TAKÄ°PET
TELEGRAM GURUBUMUZ
ğŸ‘‡ğŸ‘‡
https://t.co/NCc1NamWBn"
2022-07-12 18:40:00+00:00,hiakkaya,"Tarama Listesi./SÃ¼percross/

#aefes #akmgy #aksue #esen #gerel #mpark #qnbfb 

#borsa #Bitcoin #Binance #usdtry #dolar https://t.co/rlJY4X8wxt"
2022-07-12 12:04:57+00:00,NihalAkarsu34,#Qnbfb Takas https://t.co/kkzDqmiFX1
2022-07-12 12:04:55+00:00,NihalAkarsu34,"#Qnbfb 

Simetrik Ã¼Ã§gen kÄ±rÄ±lÄ±mÄ±
gerÃ§ekleÅŸti. Ã–nce, kanal
orta direncine, kÄ±rmÄ±zÄ±
dÃ¼ÅŸene, ÅŸayet aÅŸabilirse,
kanal direncine hareket edebilir.

Ä°lginÃ§ bir takasÄ± var.
TakasÄ± baÄŸlÄ± Tweet'e ekliyorum. https://t.co/1HXN1fPdRY"
2022-07-12 11:50:06+00:00,buraktheborsa,"Taramalar kesinlikle grafik kontrolÃ¼ gerektirir ve asla YTD

#qnbfb #ekgyo #ecilc #mpark #cment #blcyt #tdgyo #edip #ulas https://t.co/q2BHwU3p0q"
2022-07-12 11:33:32+00:00,Alfonzo47825084,#Qnbfb bayÄ±ra karÅŸÄ± ..... https://t.co/4iSnfjFHxc
2022-07-12 10:39:39+00:00,PlusBorsa,"BANKALARIN 2022 YILI DOLAR BAZINDA AYLIK GETÄ°RLERÄ°
#akbnk #albrk #garan #icbct #isctr #qnbfb #skbnk #halkb #klnma #tskb #vakbn #ykbnk 
#borsaplus #Borsaistanbul #bist100 https://t.co/tWRxfgE4f7"
2022-07-12 06:41:26+00:00,TraderCaptain2,"Tarama Listesiâ€¦trdrcptnâ€¦
#aefes #akmgy #atagy #ccola #celha #derim #emnis #escom #etyat #gents #intem #izfas #karel #klmsn #kontr #krstl #kront #luksk #metur #mtryo #pengd #prkab #qnbfb #sanel #tdgyo #toaso #tuclk #ulas #utpya #z30kpf 

#borsa #hisse #tarama #bist https://t.co/3PvxawHA8V"
2022-07-11 20:38:27+00:00,zeynepxaktas,"BANKALARIN 2022 YILI DOLAR BAZINDA AYLIK GETÄ°RLERÄ°
#XU100 #AKBNK #ALBRK #GARAN #ICBCT #ISCTR
#ISKUR #QNBFB #SKBNK #HALKB #KLNMA #TSKB #VAKBN #YKBNK https://t.co/kiHP1zM8vc"
2022-07-10 07:59:26+00:00,Commander2081,@bistesin #bistesin #qnbfb
2022-07-09 20:30:07+00:00,hancngzhan,@bistesin #bistesin #qnbfb
2022-07-09 11:56:28+00:00,hibyanewsagency,"Qatar National Bank'Ä±n finansal sonuÃ§larÄ±
https://t.co/CJN5qBm2ZI

#BIST100Sirketler #bist100 #bist #BORSA 
#Cumartesi #FIN #QNBFB"
2022-07-08 06:36:21+00:00,rkanaliz,DÃ¼ÅŸen trend #tarama sÄ± #kervt #selec #tukas #kfein #yatas #vbtyz #yeotk #angen #verus #konya #serve #qnbfb https://t.co/wW2FqUXjYQ
2022-07-07 18:32:33+00:00,AyazGarsi,@kidon22604228 @TraderFero #Qnbfb  Lerde operasyonu yapan kim ise ben onun anasÄ±nÄ± avradÄ±nÄ± .....
2022-07-07 11:07:19+00:00,hamolka34,#qnbfb kiÅŸisel fantazilerimi iÃ§erir ğŸ˜‡ https://t.co/0G8WkXOoHu
2022-07-07 08:32:01+00:00,Bullfighterr,"Bist100 endeksinde ciddi bir dÃ¼zeltme beklentimi belirtmiÅŸtim daha Ã¶nce. 2210 - 2300 puan aralÄ±ÄŸÄ±nda bir dÃ¼zeltme bekliyorum.
-Peki endeksteki bu dÃ¼zeltmeyi piyasa deÄŸeri yÃ¼ksek ÅŸirketlerin teknik verileri destekliyor mu? @tr_tradingview 
#bist100 #eregl #enaki #froto #qnbfb https://t.co/U4rrxEWrSw"
2022-07-07 08:07:09+00:00,SelinDY_Borsa,@burakuyar4 Pembe hapÄ± unutunca #qnbfb almÄ±yor muyduk. YanlÄ±ÅŸ mÄ± hatÄ±rlÄ±yorum ğŸ™ˆ
2022-07-05 08:25:56+00:00,zazuuaction16,QNBFB/XU100 https://t.co/TEWC2udX8t
2022-07-04 17:56:54+00:00,moge_21,@qnbfinansbank Ã–nce #qnbfb borsada ki yerini ve durumunu gÃ¶zden geÃ§irsin. Ky verdiÄŸi zararÄ± Ã¶nce bir hesaplasÄ±n. TCMB sÄ± ÅŸuanda kendisinden Ã§ok daha iyi durumda...Soyguncular soygun yapÄ±yor Piop ta. #qnbfb
2022-07-04 17:29:07+00:00,moge_21,@cemaldemirtas72 @spkgovtr @borsaistanbul Her yerde soygun var. El ele verilmiÅŸ gibi sanki.  Borsa da 3 5 ÅŸirket ÅŸiÅŸirilmiÅŸ.  2 yÄ±ldÄ±r insanlarÄ±n parasÄ±na Ã§Ã¶kÃ¼lmÃ¼ÅŸ.  #crfsa ve #qnbfb de bÃ¼yÃ¼k soygun yapÄ±lÄ±yor.  Ãœlkem Zombi sendromu yaÅŸÄ±yor. Kendine gelene kadar yabancÄ± aÃ§Ä±k bÃ¼feyi sÃ¼pÃ¼rÃ¼r.
2022-07-04 17:28:54+00:00,moge_21,@cemaldemirtas72 Her yerde soygun var. El ele verilmiÅŸ gibi sanki.  Borsa da 3 5 ÅŸirket ÅŸiÅŸirilmiÅŸ.  2 yÄ±ldÄ±r insanlarÄ±n parasÄ±na Ã§Ã¶kÃ¼lmÃ¼ÅŸ.  #crfsa ve #qnbfb de bÃ¼yÃ¼k soygun yapÄ±lÄ±yor.  Ãœlkem Zombi sendromu yaÅŸÄ±yor. Kendine gelene kadar yabancÄ± aÃ§Ä±k bÃ¼feyi sÃ¼pÃ¼rÃ¼r.
2022-07-04 17:27:33+00:00,moge_21,@serefoguz Her yerde soygun var. El ele verilmiÅŸ gibi sanki.  Borsa da 3 5 ÅŸirket ÅŸiÅŸirilmiÅŸ.  2 yÄ±ldÄ±r insanlarÄ±n parasÄ±na Ã§Ã¶kÃ¼lmÃ¼ÅŸ.  #crfsa ve #qnbfb de bÃ¼yÃ¼k soygun yapÄ±lÄ±yor.  Ãœlkem Zombi sendromu yaÅŸÄ±yor. Kendine gelene kadar yabancÄ± aÃ§Ä±k bÃ¼feyi sÃ¼pÃ¼rÃ¼r.
2022-07-03 23:45:38+00:00,BorsaDLS,Tarama; #asuzu #atsyh #aygaz #ralyh #bjkas #celha #derim #dogub #dokta #durdo #dyoby #ecilc #eczyt #edip #egser #escom #Qnbfb #gents #tursg #isatr #isgyo #bist100 #XU100 #rt #FAV https://t.co/XDNfQTgzXj
2022-07-03 18:10:00+00:00,hiakkaya,"Tarama Listesi./Tillson /HaftalÄ±k/

#ardyz #aydem #ayes #beyaz #dyoby #ekgyo #kzbgy #mÄ±paz #msgyo #oyayo #pekgy #psgyo #qnbfb #tdgyo #tursg 

#borsa #Bitcoin #Binance #usdtry #dolar https://t.co/mc9hE46JeM"
2022-07-03 00:59:18+00:00,MPT556,@borsaanalist2 Usta birde QNBFB rica etsem
2022-07-02 12:24:05+00:00,iso564343,@borsaanalist2 #QNBFB #BMSTL teÅŸekkÃ¼rler hocam
2022-07-01 20:48:46+00:00,moge_21,@fintables ÅŸeytanÄ±n arkadaÅŸÄ± deÄŸilseniz 2021 yÄ±lÄ±ndan beri bu kadar kar yedek akÃ§e olaÄŸanÃ¼stÃ¼ yedek akÃ§e yi daha nerenize soracaksÄ±nÄ±z.  burasÄ± nasÄ±l bir Ã¼lke.  spk nerdesin.  hangi alemde yaÅŸÄ±yorsun.  yeter artÄ±k qnbfb gerÃ§ekten yeter  $ 20 $ dolar olman gerekiyor.   ğŸ˜¡ğŸ¤¬ğŸ˜¡ğŸ¤¬ğŸ˜¡ğŸ¤¬
2022-07-01 15:12:46+00:00,talip00007,"Herkese iyi tatiller 
ğŸ’™ #isbir #ayes #orma #smrtg #bascm #gesan #eplas #Qnbfb #sise #alark https://t.co/FkLCtsl3od"
2022-07-01 10:20:26+00:00,hamolka34,#qnbfb #qnbfl hayal Ã¼rÃ¼nÃ¼dÃ¼r. Bedelsiz verme durumunda gerÃ§ekleÅŸmesi mÃ¼mkÃ¼ndÃ¼r. https://t.co/vZVnBngFv8
2022-07-01 03:40:00+00:00,hiakkaya,"Tarama Listesi./Tillson /ONAY/

#ensrÄ± #Ä±sgyo #orcay #qnbfb 

#borsa #Bitcoin #Binance #usdtry #dolar https://t.co/c7WhCW5UZf"
